98001,11109,8669,2440,76.4,76.6,75.5,5,4.9,5.4,1.4,0.9,3,11,11.8,8.2,0.6,0.4,1.6,1.6,2,0.2,4.1,3.5,6.1,5.5,5.3,6.2,73,73.4,71.8,11.2,8.3,21.6,20.2,17.1,31.3,25.5,25.7,25,23.8,26.9
98002,12687,6406,6281,78.4,83,73.6,4.1,2.7,5.5,3.4,2.1,4.8,4.6,4.6,4.5,1.9,0.5,3.3,3.6,3.8,3.4,4.1,3.3,4.9,13.3,10.8,15.9,70.2,76.7,63.5,20.4,15.3,25.6,21.1,14.4,28,19.1,19.8,18.3,18.4,21.5
98003,17791,8579,9212,63.2,71.7,55.2,13.9,8.7,18.7,0.8,0.9,0.8,11.9,13.9,10.1,1.5,0,2.9,3.6,1.6,5.4,5,3.2,6.8,13.6,8.5,18.4,55.2,65.9,45.2,23.4,9.7,36.2,14.9,13.4,16.3,20.7,24.6,17.1,18,22.3
98004,15518,6913,8605,70.4,75,66.7,1.7,0.5,2.8,0.2,0.2,0.1,24.3,23.1,25.3,0,0,0,0.3,0.4,0.3,3.1,0.8,5,3.4,1,5.4,67.4,74.4,61.8,29,7.4,46.3,17.6,14,20.5,18.4,25.2,13,14,21.9
98005,7507,4240,3267,66.1,75.7,53.7,3.1,1.3,5.5,0.1,0,0.3,27.2,21.2,35,0,0,0,1.1,0,2.6,2.3,1.8,2.9,4.8,3,7.2,62.4,72.7,49.1,22.6,7,42.9,20.7,20.5,21.1,20.3,23.8,15.8,14.5,19
98006,13188,10216,2972,65.9,67.4,60.9,1.6,0.8,4.3,0.8,0.3,2.6,28.9,29.1,28.1,0.1,0.1,0,1.3,1.1,2.3,1.4,1.2,1.9,4.6,2.4,12.3,63.2,66.1,53.5,12,5.1,35.5,17.3,15.3,24.3,25.7,28.9,14.6,23.3,25.3
98007,10501,3777,6724,51.9,73,40.1,2.3,1.1,3,0.2,0.4,0.1,39,23.1,47.9,0.2,0.5,0,3.9,0.4,5.8,2.6,1.6,3.1,8,2.6,11,48.6,71.3,35.8,35.6,10.5,49.7,20.6,15.5,23.4,15.1,23,10.7,13.3,20.2
98008,9016,6531,2485,73.8,77.2,64.7,2.5,1.5,5.2,0.2,0.2,0,20,18.3,24.7,0,0,0,1.4,1,2.5,2.1,1.8,2.9,5,2.5,11.6,70.3,75.4,57,11,4.7,27.5,20.1,17.7,26.3,24.2,26.2,18.9,18.8,20.7
98010,1913,1717,196,87.5,88.4,80.1,2.1,2.4,0,1.7,1.5,4.1,3.5,2.1,15.8,0,0,0,4,4.5,0,1.1,1.2,0,6.5,7.2,0,85,85.6,80.1,10.8,9.1,25.5,21,20.2,28.1,23.6,23.9,20.9,23.9,24.3
98011,12725,8299,4426,84.2,84.3,84.2,2.2,1.1,4.3,0.3,0.4,0,8.8,10.7,5.3,0.1,0.2,0,2,1.9,2.1,2.4,1.5,4,6.3,5.2,8.4,80.4,81.4,78.6,20.6,14.2,32.6,21.3,22.3,19.4,21.7,22.9,19.4,18.5,22.8
98012,20799,14594,6205,77.3,77.6,76.6,1.3,1,2.1,0.5,0.2,1.4,15.5,17.3,11.1,0.3,0.2,0.6,1.3,0.5,3.2,3.7,3.2,5.1,5.3,3.7,8.9,73.8,74.6,71.9,21.1,12.5,41.4,21.7,20.7,23.9,21.1,24.4,13.3,19,22.5
98014,2611,2092,519,91.3,91.3,91.1,1.1,0,5.6,0.1,0.1,0,3.1,3.1,3.3,0,0,0,0,0,0,4.4,5.5,0,8,6.2,15.6,83.2,85.1,75.5,10.2,5.6,28.9,20.9,19.5,27,31.8,34.1,22.5,19.8,22.2
98019,4118,3381,737,93.4,95.8,82.5,1.5,0,8.4,1.2,0,6.8,2.7,3,1.5,0,0,0,0.5,0.4,0.8,0.7,0.8,0,3.2,2.3,7.2,90.7,93.9,76.1,10.9,11.4,9,26.3,21.2,49.8,28.4,29.3,24.2,17.7,20.5
98020,8728,6290,2438,89.3,93.8,77.9,2.2,0.4,6.9,0.5,0.5,0.7,5.1,4,8.2,0,0,0,0.6,0.2,1.4,2.2,1.2,5,2.8,1,7.7,87.3,93.1,72.2,13.5,5.4,34.3,10.9,10.3,12.3,15.5,18.7,7.4,23.5,25
98021,10399,8457,1942,77,78.5,70.3,1.7,1.8,1.6,0.8,0.8,1,15,14.5,17.6,0.1,0,0.4,2,1.1,5.7,3.3,3.3,3.3,4.7,4.1,7.3,74.5,75.8,68.8,15.8,11.8,32.9,24.4,21.4,37.4,22.1,24.4,12.3,20.3,22.3
98022,8533,6071,2462,93.4,95,89.4,0.2,0,0.6,0.7,0.8,0.5,1.4,0.9,2.6,0.2,0.3,0,0.8,0.5,1.4,3.4,2.5,5.5,6.2,2.7,14.7,89.1,92.9,79.7,14.3,7.9,30.2,13.9,12.4,17.5,24,27,16.5,20.4,22.8
98023,17560,11732,5828,70.1,74.7,61,9,6,15.1,1.4,1.3,1.6,12,12.3,11.4,1.1,0.9,1.4,2.7,1.5,4.9,3.7,3.3,4.6,10.5,6.2,19,62.6,70.4,47,20.7,10.6,41.2,19.4,17.2,23.9,23.4,25.5,19.1,19.8,24.1
98024,1986,1669,317,90.4,88.6,100,0.6,0.7,0,0,0,0,7.5,8.9,0,0,0,0,0,0,0,1.5,1.8,0,1.9,1.8,2.5,88.5,86.8,97.5,8.6,4,33.1,24.7,23.5,30.9,26.1,28.4,13.9,23.6,25.6
98026,14335,10420,3915,84.1,86.9,76.6,2.1,1,4.9,0.5,0.7,0,9.5,9,10.8,0.3,0,1,1,0.6,1.8,2.6,1.7,4.9,3.4,2.1,6.8,82,85.5,72.7,13.6,7.4,30.2,16.4,13.1,25.3,22.3,22.9,20.6,23.8,27.4
98027,10847,7734,3113,84.8,87,79.6,2.2,0.9,5.4,0.1,0,0.4,10.6,10.6,10.4,0,0,0,0.5,0.3,0.8,1.8,1.2,3.4,3.8,2.5,6.9,82.3,84.9,75.7,15.9,8,35.7,18.2,16.9,21.4,25.7,28.6,18.5,19.6,24.2
98028,8027,5834,2193,84.7,85.7,82.2,1.2,0.5,3.1,0.7,0.8,0.6,9.3,9.6,8.3,0.1,0.2,0,2.2,1.3,4.5,1.8,2,1.5,5.5,2.8,12.5,81.6,84.1,74.9,17.2,10.9,34,19.9,16.5,29,20.7,24.6,10.3,20.1,24.6
98029,10549,7198,3351,72.9,73.7,71.1,2.4,1,5.4,0,0,0,21.3,23.6,16.4,0.1,0,0.2,1,0.8,1.4,2.3,0.8,5.5,3.1,3.1,2.9,70.4,71.1,68.9,17.9,14.4,25.4,24.2,23.9,24.8,24.2,25.9,20.4,16.3,18.5
98030,11726,5525,6201,64.4,69.4,59.9,12.6,6.3,18.2,0.5,0.7,0.3,12.6,18.6,7.4,1.6,1.7,1.6,5,1,8.5,3.2,2.3,4,10.8,4.1,16.8,58.9,66.7,52,26.1,12.4,38.3,21.6,22,21.2,18.3,22.2,14.8,18.1,23.7
98031,12125,7761,4364,62.1,67.3,52.8,10.1,4.6,19.8,0.4,0.4,0.3,17.5,20.8,11.5,1,0.9,1.1,3.7,1,8.6,5.3,5,5.8,8.7,4.4,16.5,57.8,64.8,45.2,20.1,8.7,40.2,21.5,18.4,26.9,25.2,29.1,18.2,16.6,21.8
98032,13411,5530,7881,64.5,73.6,58.2,10.3,6.7,12.9,1.1,1,1.1,10.6,14.1,8.2,2.5,0.2,4.1,7.9,2.8,11.4,3.1,1.6,4.1,19.3,11.4,24.9,55,66.2,47.1,27.7,12.5,38.4,18.6,19.1,18.2,21.1,24.1,19,17,22.1
98033,15592,10080,5512,83.7,84.3,82.5,1,0.4,2.1,0.5,0.1,1.2,10.3,11.4,8.4,0,0,0.1,1.4,0.7,2.6,3.1,3.1,3,4.3,2.8,7.1,81.1,82.8,77.9,20,11,36.5,21.6,21.6,21.7,21.2,24.6,14.8,17.6,19.8
98034,17282,10583,6699,81.9,83.9,78.8,0.6,0.5,0.7,0.5,0.4,0.8,12.4,12.2,12.7,0.1,0,0.3,1.7,0.9,3,2.7,2,3.7,5.5,3.2,9.2,78.4,82,72.7,24.7,12.5,44.1,19.2,17.7,21.7,21.3,25.3,15,18,23.7
98036,14258,8871,5387,71,76.2,62.5,6.6,3.5,11.9,1.2,0.5,2.5,12.9,13.2,12.4,0.5,0.7,0,2.6,1.8,3.9,5.2,4.1,6.9,7.2,5.6,9.7,67.5,73,58.5,18.3,11.1,30,22.6,22.8,22.2,20.5,23.1,16.2,17.8,22.5
98037,10204,5803,4401,71.4,72.1,70.5,5.9,4.3,8.1,0.8,0.3,1.4,15.8,19.2,11.2,0.7,0.3,1.2,2.4,1.3,3.8,3,2.4,3.8,8.1,4.6,12.7,66.8,69.8,62.9,23.1,9.8,40.6,20.8,15.8,27.3,19.7,24.9,12.9,18.3,24.7
98038,12012,10196,1816,88.7,89.5,83.9,2.3,1.8,5,0.5,0.4,1.4,3.4,3.7,1.4,0,0,0,1.4,1.6,0,3.7,2.9,8.3,4,4.4,2.1,86.5,87.1,83.3,13.4,11.3,25.6,23.4,22.5,28.8,25.9,27,19.2,20.2,21.3
98039,1087,996,91,81,80.2,90.1,0.4,0.4,0,0,0,0,15.9,17.4,0,0,0,0,0.7,0.4,4.4,1.9,1.6,5.5,0.6,0,6.6,80.5,80.2,83.5,1.5,1.6,0,17.9,14.2,59.3,25.1,25.8,17.6,24.1,25.2
98040,9583,6895,2688,80.6,81,79.4,1.7,0.8,4,0,0,0,15.6,15.9,14.7,0.1,0.1,0,0.4,0.4,0.4,1.6,1.7,1.5,2.6,2.5,2.9,78.6,79.2,76.9,10.3,2.3,30.7,15.5,14.3,18.6,22.6,23,21.5,20.9,26.3
98042,15784,12918,2866,84.9,85.5,82.3,3.4,3,5.4,0.6,0.6,0.6,7.2,7.6,5.1,0.4,0.4,0.4,0.8,0.7,1,2.7,2.1,5.3,5.2,4.7,7.6,81.2,81.9,77.9,15.2,11.4,32.2,18.7,18.1,21.4,24.4,26.1,17.1,23.3,25.7
98043,8155,4813,3342,79.9,81.9,77.1,3.7,2.2,5.9,0.8,0.6,1,9.7,10.7,8.3,0.3,0.2,0.4,1.9,1.6,2.3,3.6,2.8,4.8,7.2,5.4,9.8,75.7,79.1,70.9,22.2,11.8,37.1,18.1,17.3,19.1,24.2,27.2,19.9,17.8,21
98045,5600,4259,1341,95.9,97,92.3,0.9,0.5,2,0,0,0,0.7,0.9,0,0,0,0,0,0,0,2.6,1.6,5.7,4.8,2.4,12.5,92.4,94.6,85.5,12.6,8.1,26.8,23.8,21.4,31.5,25.2,27.9,16.6,25.3,27
98047,2253,1183,1070,75.1,79.5,70.3,4.5,2.5,6.7,0.4,0,0.9,7.1,11.3,2.4,3.5,1,6.2,1.5,1.7,1.2,7.9,3.9,12.2,13.1,7,19.9,65.5,74.9,55,23.4,17.2,30.3,21.7,16.8,27,24.8,29.2,20,19.5,25.3
98050,33,33,0,100,100,-,0,0,-,0,0,-,0,0,-,0,0,-,0,0,-,0,0,-,0,0,-,100,100,-,0,0,-,0,0,-,63.6,63.6,-,36.4,36.4
98051,1312,1037,275,89.2,90.3,85.1,1.1,0,5.1,0.7,0.9,0,3.2,4.1,0,3,3.8,0,0,0,0,2.9,1.1,9.8,1.7,2.1,0,87.5,88.1,85.1,16.5,11.7,34.9,23.3,18.3,42.2,21,26.5,0,26.6,27.6
98052,24782,13280,11502,67.1,72.5,60.9,2.5,1.5,3.6,0.1,0.3,0,25.7,22,29.9,0.2,0,0.4,1.6,1.2,2.1,2.8,2.5,3.1,6.8,3.8,10.3,62.1,70.2,52.8,29.5,11.6,50.1,25.1,27.4,22.4,17.4,22.3,11.8,13.7,20.4
98053,7876,6768,1108,79.2,78.8,81.3,1.1,0.7,3.5,0.6,0.7,0,17.2,18.5,9.7,0.2,0.2,0,0.3,0,2,1.5,1.2,3.5,2.4,2.5,2,77.7,77.1,81.3,9,6,26.8,24.8,25.8,19,20.6,21.3,16.3,19.6,20.9
98055,8884,4700,4184,54.2,56.2,51.9,14.8,10.6,19.5,1.4,0.8,2,20.7,24.1,16.9,1.6,2.7,0.5,2.4,1.4,3.5,4.9,4.2,5.7,6.8,3.3,10.7,51.8,55.2,48.1,26.1,15.3,38.2,18.7,19.3,18,19.7,21.6,17.4,16.3,17.9
98056,13415,6928,6487,66.5,72.8,59.8,7.2,2.9,11.9,0.2,0.3,0.1,16.3,19.7,12.7,0.5,0,1,4.7,0.6,9.1,4.5,3.7,5.4,10.6,4.3,17.2,61.8,69.7,53.5,24.2,12.8,36.4,22.3,22,22.7,23.4,25.8,20.7,16.2,20.6
98057,5852,1497,4355,54.4,55.9,53.9,22.5,10.1,26.8,0.5,0,0.7,16.3,27.7,12.4,0.4,1.5,0,2.1,0,2.8,3.8,4.8,3.4,7.7,3.3,9.2,49.2,52.6,48.1,27.6,11.2,33.2,21,23.9,19.9,17.3,18.3,17,17.7,28.1
98058,15893,11605,4288,69.4,71,64.8,7.9,5.5,14.5,0.4,0.6,0,15.2,17,10.4,0.2,0.1,0.7,2.9,2.1,5.2,4,3.8,4.5,6.6,5.2,10.6,66.4,68.8,59.9,16.7,9.8,35.1,23,21.7,26.6,22.6,24.8,16.7,20.7,23.1
98059,13217,10557,2660,72,72.1,71.8,4.4,2.7,11,0.3,0.4,0,17,19.2,8.2,0.3,0.4,0,2,1.4,4.1,3.9,3.7,4.8,6.3,3.9,15.7,68.5,70.1,62.2,15.5,11.2,32.8,24.2,23.1,28.3,23.5,25.2,16.9,18.3,19.7
98065,4713,3759,954,88.9,89.5,86.6,0,0,0,0.6,0.4,1.4,7.1,7.2,7,0,0,0,0.3,0.4,0,3,2.5,5,3.8,3.8,3.8,85.8,86.6,82.8,18.7,16.4,27.5,29.9,28.5,35.6,28.5,30.5,20.2,14.8,15.4
98068,110,83,27,87.3,100,48.1,4.5,0,18.5,0,0,0,0,0,0,0,0,0,0,0,0,8.2,0,33.3,4.5,0,18.5,87.3,100,48.1,10,0,40.7,27.3,16.9,59.3,33.6,44.6,0,20,26.5
98070,4757,3649,1108,95.9,97.1,91.7,0.3,0.3,0,0.6,0.5,1.1,1.7,0,7.2,0,0,0,0,0,0,1.6,2.1,0,2.4,1.8,4.2,93.8,95.8,87.5,7.5,3.9,19.2,11.1,8.4,20,20.3,21.8,15.2,28.9,33
98072,8723,6551,2172,88.6,88.1,90.1,0.6,0.4,1,0.6,0.2,1.6,8.3,9,6.1,1,1.4,0,0,0,0,1,0.9,1.2,3.2,1.5,8.1,86.3,87,84.4,11.8,6.3,28.4,19.1,18.8,20.2,25.8,29.6,14.3,22,25.3
98074,8778,7640,1138,76.3,76.2,76.6,0.4,0.5,0,0,0,0,20.3,21.1,14.9,0,0,0,0.3,0.4,0,2.7,1.9,8.4,3.8,3.5,5.9,73.4,73.8,70.7,9.2,7.2,23,30.9,29.9,38,29.9,30.9,22.9,19.4,21.2
98075,7369,6416,953,75.2,76,69.5,0.4,0.2,1.6,0.2,0.2,0,22.1,22.1,22.2,0.4,0.4,0,0.4,0.1,2.8,1.4,1,3.9,1.9,1.8,2.5,73.4,74.4,66.9,8.3,6.1,23.1,29.8,27.2,47.4,34.6,37,18.2,16.9,17.9
98077,4806,4524,282,92.9,93.1,90.1,0.6,0.6,0,0.2,0.2,0,4.6,4.9,0,0,0,0,0.6,0.5,2.5,1.1,0.7,7.4,3.1,2.8,8.9,90.8,90.8,90.1,7,5.8,25.2,21,19.3,47.9,29.7,31.4,2.5,27.9,28.7
98087,12175,6266,5909,66,65.8,66.3,5.1,4,6.2,1.3,1.2,1.4,17.6,21.5,13.4,1.4,1.7,0.9,2.9,1.4,4.4,5.8,4.4,7.3,10.6,8.3,13,59.4,59.7,59.1,30.2,19,42,21.5,23.2,19.6,19.7,23.8,15.4,15.7,17.2
98092,15241,10680,4561,79,82.9,69.9,2.9,1.1,7.3,2.3,0.8,6,9.5,10.6,6.8,0.3,0.2,0.7,1.5,1.2,2.3,4.4,3.3,7.1,5.6,4.7,7.7,76.1,80.1,66.7,20.9,11.2,43.6,18.3,16.1,23.7,23.9,27.3,16.1,20.6,26.4
98101,7911,1361,6550,73.6,86.6,70.9,6.4,0,7.7,2,0.7,2.2,12.5,10.4,13,0.3,0,0.4,1.3,1.1,1.4,3.9,1.2,4.5,4.3,1.4,4.9,70.1,85.9,66.9,36.1,19.5,39.5,15.2,20.7,14,14.4,17.2,13.8,13.5,16.2
98102,14390,4121,10269,81.8,83.3,81.2,3.2,3.2,3.2,0.6,1.4,0.2,8.1,9.2,7.7,0.1,0,0.2,0.6,0.4,0.7,5.5,2.5,6.7,4.9,3.8,5.4,78.4,80.2,77.6,47.1,14.5,60.2,19.1,19.1,19.1,13.6,22.2,10.2,10.2,18.7
98103,22936,11035,11901,86.6,87.8,85.5,1,0.5,1.6,0.2,0.1,0.2,7.4,7.8,7,0,0,0,0.5,0.3,0.6,4.4,3.6,5.1,4,3.3,4.6,83.5,85.7,81.6,37.2,16.6,56.3,22.3,23.3,21.5,14.9,21.7,8.5,14,20.3
98104,7277,729,6548,54.2,75.7,51.8,11,5.3,11.7,2.9,0.7,3.2,27.3,15.5,28.6,0,0,0,2.3,0,2.5,2.3,2.7,2.2,6.2,0,6.9,50.8,75.7,48,36.3,21.7,37.9,13.1,12.9,13.1,13.5,12.5,13.6,13.9,21.1
98105,15274,5607,9667,69.1,84.4,60.2,1.5,0.6,2,0.6,0.2,0.8,20.6,10.3,26.5,0.3,0.1,0.3,1.6,0.4,2.3,6.4,3.9,7.8,4,2.9,4.7,67.1,82.6,58.1,47.7,9.6,69.8,15.1,24.3,9.7,11.3,18.9,6.9,12,19.8
98106,10119,4697,5422,63.5,70.6,57.5,12.7,6,18.5,0.6,0.3,0.8,14.1,17.3,11.3,1.4,0,2.6,1.8,1,2.4,5.9,4.7,6.9,8.7,5.2,11.8,57.8,66.5,50.2,22.4,12.6,30.9,24.3,26,22.7,19.3,25,14.4,18.3,20.7
98107,12128,4331,7797,90,93.1,88.3,0.8,0.5,1,0.1,0.2,0,4.1,4.6,3.8,0.2,0,0.3,0.9,0.2,1.3,3.9,1.4,5.3,4.9,2.2,6.4,87.9,91,86.2,40.7,18.1,53.3,20.5,22.9,19.1,12.3,17,9.7,12.2,22.4
98108,8057,4399,3658,40.5,39.7,41.5,11.9,5.8,19.1,1.6,1.5,1.7,35.4,47.5,20.9,0.7,0,1.5,3.7,1.6,6.2,6.2,3.9,9.1,9.5,5.2,14.6,35.9,37,34.5,22.1,11.3,35.1,21.9,20.9,23,19.7,21.9,17.1,17.9,21
98109,14006,3954,10052,79.3,88.6,75.6,3.3,0,4.6,0.4,0,0.6,13.1,8.5,14.9,0.2,0,0.2,0.3,0.4,0.3,3.4,2.5,3.8,4.4,1.5,5.6,76.2,87.2,71.9,50.4,12.6,65.3,16.6,26.4,12.8,11.8,19.2,8.9,8.9,17.4
98110,9475,7183,2292,94,95,91,1.1,0,4.6,0.2,0.2,0.3,2.2,2.8,0.3,0,0,0,0.8,1,0.4,1.6,1,3.4,4.4,3.6,7.2,90.4,92.3,84.4,7.1,2,23.1,13.9,12.4,18.6,23.2,25,17.8,25.7,28.4
98112,10382,5774,4608,85.8,87.5,83.8,3.3,2.3,4.7,0.1,0,0.2,6.5,7.7,5,0,0,0,0.9,0.5,1.4,3.4,2.1,5,3.3,3.2,3.5,83.7,84.8,82.2,25.9,7.2,49.3,20,22,17.5,17.3,21.3,12.3,17,22.5
98115,21079,13189,7890,85.7,88.4,81.2,1.4,0.9,2.3,0.1,0.2,0,8.5,8.5,8.5,0,0,0,1,0.3,2,3.3,1.7,6,3,2.5,4,83.7,86.2,79.4,26.3,9.1,55,18.9,20.6,15.9,19.1,23.9,11.1,16.9,21.8
98116,11541,6466,5075,89,93.8,82.9,2.1,0.1,4.5,0.2,0,0.6,4.2,3.7,4.8,0.3,0,0.7,0.6,0.3,0.9,3.6,2.1,5.6,3.9,2.6,5.5,86.1,91.4,79.4,20,6.2,37.5,19.6,18.6,20.8,21.3,25,16.6,19.3,23.6
98117,13813,9643,4170,91.4,92.5,88.9,0.7,0.4,1.4,0.1,0.1,0,4,5.1,1.7,0.1,0,0.2,1,0.1,3.2,2.7,1.8,4.6,2.8,1.8,5.1,89.7,91,86.8,19.3,9.8,41.3,24,22.3,27.9,20.4,23.7,12.9,20.3,24.1
98118,16043,9056,6987,42.8,51.5,31.6,24.9,13.7,39.4,0.9,0.5,1.4,25.7,29.3,21,0.3,0.5,0.1,1.4,0.7,2.4,3.9,3.8,4.1,7.9,3.1,14.2,37.2,49.1,21.9,17.9,8.7,29.7,21.2,20.6,21.8,22.1,23.1,20.9,19.3,23
98119,11643,4727,6916,83.9,89.2,80.3,3.9,1.6,5.5,1.1,0,1.8,5.4,4.1,6.3,0,0,0,0.9,0.3,1.2,4.8,4.8,4.8,3.9,1.6,5.4,81.2,87.6,76.8,39.1,9.7,59.2,17.9,22.6,14.6,13.5,21.6,8,15.3,25.3
98121,9245,1854,7391,66.9,75,64.9,6.8,0.7,8.3,1.2,0,1.5,18.1,20.7,17.4,0,0,0,2.5,0.6,3,4.5,3.1,4.8,5.9,1.4,7,62.9,74.2,60,47.2,18.3,54.4,17.1,23.5,15.5,15,25.6,12.4,9.3,10.4
98122,16673,5538,11135,72,75.2,70.4,10.7,10.7,10.7,0.5,0.3,0.5,10.3,9.6,10.7,0.2,0.2,0.1,1.7,1.2,2,4.7,2.8,5.6,6.1,3.2,7.6,68.5,74,65.7,45.6,19.7,58.5,17.8,22.1,15.7,15.6,24,11.4,9.7,16.9
98125,17836,8389,9447,70.8,79.2,63.3,6.8,0.9,12.1,0.5,0.4,0.6,15,15,15.1,0.1,0,0.3,3.2,1.7,4.4,3.6,2.8,4.3,6,3.3,8.3,68.6,77.9,60.4,26.7,12.7,39.2,18.1,17.9,18.3,14.7,17.6,12.1,19.1,27.1
98126,9544,5397,4147,74.3,87.9,56.6,9.5,1.5,19.8,0.8,0.1,1.7,8.3,6.7,10.5,0,0,0,2.7,0.8,5.1,4.4,3,6.3,8.1,4.9,12.2,69.8,84.4,50.8,21.4,12.7,32.8,23.4,22.8,24.1,21.2,25.3,15.8,15.7,19.4
98133,20759,9846,10913,73.5,79.8,67.8,7.5,2.3,12.2,0.9,0.3,1.4,12.3,13.2,11.4,0.5,0.3,0.8,1.9,1.2,2.5,3.4,2.9,3.9,6.1,2.9,9,69.6,78.2,61.9,25.1,12.5,36.5,17.3,17.2,17.4,15.6,20.6,11.2,18,23.7
98134,161,44,117,54.7,29.5,64.1,0,0,0,0,0,0,35.4,43.2,32.5,0,0,0,0,0,0,9.9,27.3,3.4,0,0,0,54.7,29.5,64.1,47.2,0,65,14.3,27.3,9.4,13,0,17.9,4.3,15.9
98136,7194,4684,2510,88.4,92.7,80.4,3.2,1.4,6.4,0.9,0.7,1.2,3,2.5,4,0,0,0,1.6,0.6,3.5,2.9,2.1,4.5,3.3,1.3,6.9,86.9,92,77.6,13.2,8.2,22.5,22.5,20,27.2,21.3,23.2,17.7,24.5,24.5
98144,12303,5789,6514,51.2,60.7,42.7,18.5,12.8,23.6,0.7,0,1.3,22.4,20.9,23.7,0.1,0,0.2,1.8,0,3.3,5.4,5.6,5.2,7.2,3.2,10.8,47,58.7,36.6,20.4,8.7,30.7,25.1,24.7,25.5,19.6,25.3,14.5,12.6,18.1
98146,9434,5749,3685,67.4,79.2,48.8,7.8,3.2,14.9,1.7,1.1,2.6,11.3,10.2,12.9,2.7,1.3,4.8,4.3,2,7.9,4.9,2.9,8,16.2,7.4,29.9,58.5,75.2,32.6,17.9,8.8,31.9,20.4,17.7,24.7,22.3,24.7,18.7,18.9,22.8
98148,4260,1691,2569,72.2,83.3,64.9,9.4,5.6,12,0.9,0.8,0.9,7.1,6.6,7.5,0,0,0,4.4,1.8,6.1,6,2,8.6,13.9,4.4,20.2,64.9,82.1,53.6,21.6,17.1,24.6,18.9,14.3,21.9,27.6,28.9,26.8,14.2,16.7
98154,0,0,0,-,-,-,-,-,-,-,-,-,-,-,-,-,-,-,-,-,-,-,-,-,-,-,-,-,-,-,-,-,-,-,-,-,-,-,-,-,-
98155,13363,9107,4256,79.8,84.7,69.3,3.1,0.8,8,0.6,0.3,1.2,9.4,9.3,9.6,0.5,0.5,0.4,1.9,0.7,4.5,4.8,3.7,7,5.7,3.6,10,76.9,82.2,65.6,18.2,10,35.9,16.8,14.9,20.7,19.1,19.8,17.8,24.1,27.9
98158,0,0,0,-,-,-,-,-,-,-,-,-,-,-,-,-,-,-,-,-,-,-,-,-,-,-,-,-,-,-,-,-,-,-,-,-,-,-,-,-,-
98164,81,67,14,100,100,100,0,0,0,0,0,0,0,0,0,0,0,0,0,0,0,0,0,0,0,0,0,100,100,100,44.4,32.8,100,0,0,0,32.1,38.8,0,0,0
98166,8379,5367,3012,83.7,92.2,68.6,1.9,0.7,4,2.5,0,6.9,3.9,4.4,3.2,0.5,0.5,0.6,1.4,1,2.1,6.1,1.3,14.6,13.8,4.3,30.7,75.8,88.9,52.6,12.7,4.1,28.2,14.4,11.6,19.5,22.8,22.6,23.1,24.9,29.3
98168,11522,6012,5510,60.9,72.6,48.1,12.6,6.4,19.3,1.3,0.7,1.9,12.9,14.3,11.4,2.4,0.5,4.4,4,2,6.2,6,3.5,8.7,16.6,10.7,23,50.6,65.2,34.7,18.1,8.5,28.6,22.9,20.6,25.4,20.2,21.1,19.3,19.8,23.8
98174,0,0,0,-,-,-,-,-,-,-,-,-,-,-,-,-,-,-,-,-,-,-,-,-,-,-,-,-,-,-,-,-,-,-,-,-,-,-,-,-,-
98177,7797,6212,1585,88.4,88.9,86.6,0.9,0.6,2.1,0.3,0.3,0,7.4,8.2,4,0,0,0,0.4,0.5,0,2.7,1.5,7.3,4.5,2.8,11.1,84.2,86.4,75.5,10.6,5.1,32.3,15.5,13.7,22.5,17.3,19.8,7.4,23.9,26.8
98178,8922,5347,3575,38.3,45,28.2,27.1,15,45.2,0.4,0.2,0.8,25.4,32.7,14.6,1.3,0,3.3,2.5,2.6,2.4,4.9,4.6,5.4,5,3.1,7.7,36.3,44.3,24.4,17.9,10.8,28.6,17.9,16.4,20.2,21.9,22.9,20.3,17.7,21
98188,9610,4118,5492,53.5,71.9,39.7,24.6,6.8,37.9,1.3,1.8,0.9,12.8,16.1,10.4,1.2,0.1,2.1,2.8,0.4,4.6,3.8,2.9,4.5,9.6,3.9,13.9,47.4,69.1,31.2,25.6,6.6,39.9,20.5,13.6,25.6,20.9,24.3,18.3,14.4,22.1
98195,0,0,0,-,-,-,-,-,-,-,-,-,-,-,-,-,-,-,-,-,-,-,-,-,-,-,-,-,-,-,-,-,-,-,-,-,-,-,-,-,-
98198,13126,7151,5975,71.1,79.2,61.3,8.5,4.6,13.3,0.7,0.6,0.9,9.4,9.7,9,1.1,0.3,2.1,4.5,3,6.4,4.6,2.7,6.9,13.6,8.3,20,63.5,75.2,49.5,23,9.7,38.9,16.7,14.5,19.3,21.2,24,17.8,17.3,21.9
98199,9173,5693,3480,87.2,87.2,87,3.3,1.7,5.9,0.2,0.3,0,6.4,8,3.7,0.2,0,0.4,0.4,0.3,0.4,2.5,2.5,2.5,2.2,2,2.7,85.7,85.6,85.7,21.2,7.9,42.8,18.4,18.3,18.6,17.9,19.3,15.7,21.8,27.2
98201,12550,5053,7497,86.2,90,83.7,4.1,1.7,5.7,1.6,1.2,1.9,3.4,3.9,3,1,0.7,1.2,1.2,0.9,1.4,2.5,1.7,3,5.7,3.5,7.1,82.8,87.4,79.8,23.2,13.2,29.9,15.5,16.2,15,20.1,24.3,17.3,17.8,22.5
98203,13335,7857,5478,86.5,87.7,84.8,1.6,0.6,3,0.8,0.7,1,6,6.7,5,0.6,0.9,0.2,1.6,2,0.9,2.9,1.4,5,8,4.9,12.5,80.6,84.6,74.8,18.2,8,32.7,15.9,15.2,16.9,24,23.9,24.3,21.8,26.1
98204,16380,5115,11265,74.4,79.8,72,7.8,3.2,9.9,0.4,0.2,0.5,10.1,14.5,8.2,0.7,0,1,2.7,0.4,3.7,3.9,2,4.7,14.8,6.9,18.4,64,73.7,59.7,30.9,11.5,39.8,18.6,19.3,18.2,20.7,25,18.8,15.7,19.3
98205,4494,3696,798,91.1,91.1,91.2,0.7,0.2,3,0.2,0.1,0.9,4.2,5.1,0,0.3,0.3,0,0.8,0.6,1.6,2.7,2.6,3.3,7.5,5.4,17.3,85.2,87.2,75.6,25.8,20.4,51.1,21,21.7,17.8,18.4,19.5,13.3,16.1,17.1
98207,0,0,0,-,-,-,-,-,-,-,-,-,-,-,-,-,-,-,-,-,-,-,-,-,-,-,-,-,-,-,-,-,-,-,-,-,-,-,-,-,-
98208,19747,13056,6691,80.2,82.2,76.4,4.4,2.8,7.5,0.5,0.5,0.4,10.1,9.8,10.6,0.5,0.6,0.4,1.4,1.4,1.5,2.9,2.7,3.2,7.8,6.6,10.1,74.4,77.2,68.8,23.4,14.4,41,20.2,19.5,21.7,23.2,26.3,17.3,16.8,21.3
98220,235,191,44,100,100,100,0,0,0,0,0,0,0,0,0,0,0,0,0,0,0,0,0,0,0,0,0,100,100,100,7.2,8.9,0,18.7,0,100,8.1,9.9,0,31.9,39.3
98221,9050,6187,2863,95.6,96.5,93.6,0.3,0.2,0.5,0.7,0.4,1.3,1.4,1.2,1.8,0.1,0,0.1,0.5,0.2,1.2,1.4,1.4,1.4,2.9,1.6,5.6,93.6,95.2,89.9,14,5.2,32.9,10.5,8.7,14.6,16.4,16.5,16,23,25.7
98222,29,29,0,100,100,-,0,0,-,0,0,-,0,0,-,0,0,-,0,0,-,0,0,-,0,0,-,100,100,-,0,0,-,10.3,10.3,-,10.3,10.3,-,41.4,41.4
98223,14887,11233,3654,95.2,96.3,92.1,0.3,0.4,0,0.9,0.6,1.9,1.2,1.2,1.1,0,0,0,1,0.7,2.1,1.3,0.8,2.9,3.4,2.9,4.8,93,94.1,89.5,16.8,11.4,33.5,17.3,16.3,20.6,24.2,27.2,14.9,21.2,23.4
98224,153,95,58,91.5,97.9,81,0,0,0,2.6,2.1,3.4,0,0,0,0,0,0,0,0,0,5.9,0,15.5,0,0,0,91.5,97.9,81,13.7,12.6,15.5,8.5,0,22.4,29.4,40,12.1,39.2,35.8
98225,19376,7981,11395,90,95,86.6,0.7,0.1,1.1,1.6,0.6,2.4,2.5,1.3,3.3,0.2,0,0.3,1.2,1.4,1,3.8,1.6,5.4,4.7,2.6,6.2,87.5,94.3,82.8,37.4,10,56.6,13.3,14,12.8,14.5,21.1,9.9,16.6,24.7
98226,16114,10677,5437,83.8,86.5,78.5,0.8,0.7,1,4.8,4.4,5.4,6.1,5.9,6.5,0.2,0.3,0.2,1.8,1.1,3.1,2.5,1.2,5.2,5.4,3.7,8.6,80.9,84,74.7,18.9,8.3,39.7,16.3,15.5,17.8,17.7,21,11.1,20,23.5
98229,12236,7826,4410,93.3,94.8,90.7,0.5,0.6,0.3,1.9,0.6,4.3,1.2,1.6,0.4,0.2,0,0.7,0.4,0.2,0.8,2.4,2.2,2.8,4.4,2.8,7.2,89.9,92.6,85.1,22.7,9,47.1,16.3,16.6,15.7,16.4,17.4,14.6,20.6,23.5
98230,6582,4969,1613,90.6,94.5,78.8,1.2,0.8,2.2,0.4,0.2,0.9,4.5,3,9.1,0.3,0.4,0,0.2,0,0.9,2.8,1.1,8.1,1,0.3,3.2,90.2,94.1,77.9,12,7.9,24.4,17.7,17,19.9,17.7,19.3,12.7,21.6,21
98232,1624,1347,277,98.8,99.8,93.9,0,0,0,0,0,0,0,0,0,0,0,0,0,0,0,1.2,0.2,6.1,4.3,0,25.3,94.5,99.8,68.6,7.9,3.3,30.3,15.6,12.5,30.7,24.2,23.4,28.2,28.1,33.5
98233,5747,3538,2209,85.7,94.8,71,0.6,0,1.6,0.8,0,2.2,1.8,0.9,3.1,1.4,1.2,1.6,5.8,0.8,13.6,4,2.2,6.9,14.9,6.3,28.7,77.9,90.1,58.4,16.7,8.5,29.9,17.1,13.5,22.9,17.6,15.1,21.6,21.8,26.3
98235,35,12,23,100,100,100,0,0,0,0,0,0,0,0,0,0,0,0,0,0,0,0,0,0,0,0,0,100,100,100,34.3,0,52.2,0,0,0,0,0,0,65.7,100
98236,2606,1999,607,95,97.2,87.8,0,0,0,0.9,0,4,0.5,0.2,1.6,0,0,0,1.3,0,5.4,2.2,2.6,1.2,2.3,1.4,5.4,94.5,96.5,87.8,7.5,3.7,19.9,9.9,5.4,24.9,17,17.8,14.5,31.9,34.5
98237,1640,1166,474,96.1,94.5,100,0,0,0,1.8,2.5,0,0,0,0,0,0,0,0,0,0,2.1,3,0,2.9,4,0,94.2,91.9,100,17.3,8.2,39.5,10.6,9.2,14.1,26.6,28.6,21.7,16.2,17.6
98238,5,5,0,100,100,-,0,0,-,0,0,-,0,0,-,0,0,-,0,0,-,0,0,-,0,0,-,100,100,-,0,0,-,0,0,-,0,0,-,0,0
98239,3065,2390,675,94.8,97.6,84.9,0.5,0,2.2,0.1,0.2,0,1.8,0.8,5.2,0.9,0,4.3,1.6,1.3,2.7,0.3,0.2,0.7,3.3,0.8,12.4,92.7,97,77.3,7.4,2.4,25.2,10.6,7.4,22.1,15.1,15.4,14.4,23.6,26.1
98240,1087,864,223,93.4,95.5,85.2,0,0,0,0,0,0,0,0,0,0,0,0,4.7,2.1,14.8,1.9,2.4,0,9.5,8.1,14.8,90.5,91.9,85.2,8.9,1.5,37.7,14.4,7.4,41.3,17.8,20.8,5.8,30.6,34.6
98241,854,535,319,92.2,94.6,88.1,0,0,0,4,3.7,4.4,0,0,0,0,0,0,0,0,0,3.9,1.7,7.5,0,0,0,92.2,94.6,88.1,16.5,13.8,21,15.1,14.8,15.7,24.2,23.6,25.4,19.7,24.9
98243,251,203,48,99.2,99,100,0,0,0,0,0,0,0,0,0,0,0,0,0,0,0,0.8,1,0,0,0,0,99.2,99,100,1.2,0,6.3,6.8,1.5,29.2,10.8,13.3,0,31.9,25.1
98244,1229,971,258,84.1,85.8,77.9,0,0,0,7.6,6.1,13.6,2.7,2.6,3.1,2.9,3.7,0,1.1,1.4,0,1.5,0.4,5.4,1.1,1.2,0.8,83.3,84.8,77.9,9.4,6.2,21.3,13.3,9.4,27.9,24.2,27.8,10.5,31.6,35.9
98245,1892,1211,681,93.3,95.8,89,0,0,0,1.1,0.7,1.8,2.1,2.1,2.2,0,0,0,2.5,0.2,6.6,0.9,1.2,0.4,4.5,1.3,10.1,91.1,94.7,84.7,13.5,4.5,29.7,10.6,6.4,17.9,20.2,20.2,20.1,24.6,29.6
98247,3278,2470,808,88.3,92.7,74.8,0,0,0,3,2.1,5.7,0.5,0.6,0,0,0,0.1,4.8,0.6,17.8,3.4,4,1.6,11.8,5.3,31.7,82,89.2,60,14.9,10.3,28.8,16.8,13,28.2,31.1,31.3,30.3,15.7,19.1
98248,8284,5936,2348,90.1,91.3,87.1,0.6,0.5,0.9,2,1.5,3,3.3,3.9,1.7,0.1,0.1,0.3,2.9,1.7,6,1,1,1,6.7,5.4,10,86.5,87.8,83,14.1,9.6,25.5,18.4,19.1,16.7,24,24,24,18.8,20.8
98249,2051,1562,489,94.4,98,82.8,0,0,0,0.8,0,3.5,2,0.6,6.5,0.5,0.7,0,0.5,0,2,1.7,0.6,5.1,1.9,1.4,3.5,93.3,96.6,82.8,8.5,2.6,27.4,6.3,4.6,11.7,17.6,16.8,20.2,25.2,26.2
98250,3535,2523,1012,94.5,96.2,90.3,0.5,0.4,0.7,1.2,1.2,1.3,0.8,0.5,1.6,0,0,0,2,1.2,3.9,1.1,0.6,2.3,4.9,2.9,9.9,91.8,94.7,84.5,9.9,3.1,27,13,11.1,17.5,17.8,17.2,19.5,24.3,27.4
98251,1796,1454,342,95.6,97,89.8,0.5,0.6,0,1.4,0.9,3.5,0,0,0,0.3,0,1.5,0.2,0.2,0,2.1,1.3,5.3,3.5,3.6,3.2,92.4,93.8,86.5,15.3,8,46.5,20.8,21.5,17.5,29.5,33.1,14,23.9,25.7
98252,3409,2549,860,93.5,94.5,90.5,0.7,0.9,0,0.2,0.3,0,0.6,0.9,0,0,0,0,2.6,2.4,3,2.4,1,6.5,3.4,4.2,1,91.6,92.4,89.4,16.4,14.6,21.7,18.2,19.3,14.7,27.8,29.8,22.1,18.5,20.8
98253,913,784,129,96.3,95.7,100,0,0,0,1.2,1.4,0,0,0,0,0,0,0,0,0,0,2.5,2.9,0,1.4,1.7,0,94.9,94,100,12.6,5.9,53.5,0,0,0,16.8,15.9,21.7,23.1,26.9
98255,66,45,21,98.5,100,95.2,0,0,0,0,0,0,0,0,0,0,0,0,0,0,0,1.5,0,4.8,0,0,0,98.5,100,95.2,4.5,0,14.3,30.3,15.6,61.9,7.6,8.9,4.8,39.4,48.9
98256,201,137,64,98,98.5,96.9,0,0,0,0,0,0,2,1.5,3.1,0,0,0,0,0,0,0,0,0,0,0,0,98,98.5,96.9,18.4,3.6,50,15.4,16.8,12.5,19.4,26.3,4.7,28.4,35.8
98257,1713,1242,471,86.9,89.7,79.4,0.5,0.2,1.3,8.8,6.5,14.9,0.9,0.6,1.7,0.6,0.9,0,0.5,0.7,0,1.8,1.4,2.8,2.8,3.4,1.3,84.9,87.3,78.6,9.6,5.2,21,7,4.9,12.5,12.5,11,16.3,22.4,23.5
98258,10847,7981,2866,93.7,93.5,94.3,0.2,0.1,0.8,0.3,0.3,0.3,2.2,2.7,0.7,0.2,0.1,0.3,1,1.2,0.3,2.4,2.1,3.2,4.6,4.1,6.1,90.7,91.1,89.4,18.6,12.8,34.6,23.5,20.6,31.5,25,30,11,18.5,20.6
98260,2499,1984,515,96.8,96.4,98.1,0.2,0.3,0,0.2,0,1,1.9,2.4,0,0,0,0,0,0,0,0.9,0.9,1,0.7,0.5,1.4,96.1,95.9,96.7,8.1,3.8,24.9,7.3,5.7,13.6,12,12.2,11.3,34,37.5
98261,1247,917,330,94.6,96.7,88.8,1,0,3.9,0.3,0.4,0,0.5,0.7,0,0.3,0.4,0,1.9,0.9,4.8,1.3,0.9,2.4,3.4,1.6,8.2,93,95.7,85.5,8.7,2.4,26.1,8.9,5.2,19.1,15.6,16.1,14.2,25.7,29.3
98262,469,382,87,97.4,96.9,100,1.3,1.6,0,0,0,0,0,0,0,0,0,0,0,0,0,1.3,1.6,0,1.1,1.3,0,96.4,95.5,100,6.6,1.6,28.7,8.1,5.8,18.4,11.5,10.5,16.1,29,29.1
98263,29,19,10,96.6,94.7,100,0,0,0,0,0,0,0,0,0,0,0,0,0,0,0,3.4,5.3,0,0,0,0,96.6,94.7,100,13.8,0,40,27.6,21.1,40,24.1,36.8,0,10.3,15.8
98264,6970,5167,1803,92.8,94,89.3,0.2,0.1,0.5,0.6,0.7,0.2,2.8,3,2.4,0,0,0,2.2,1.3,4.7,1.4,0.9,2.9,6.8,4.2,14.3,88.9,90.8,83.4,20.5,14.7,37.4,14.5,14.7,14,15.9,18.7,7.7,18.6,21.3
98266,1354,921,433,97.3,96.1,100,0,0,0,0,0,0,0,0,0,0,0,0,0,0,0,2.7,3.9,0,8.6,2.1,22.4,88.8,94,77.6,17.4,6.1,41.3,26.7,16.9,47.6,19.4,24.8,8.1,20,28
98267,257,197,60,81.7,76.1,100,0,0,0,0,0,0,0,0,0,0,0,0,0,0,0,18.3,23.9,0,7.8,10.2,0,81.7,76.1,100,5.4,0,23.3,16,10.7,33.3,16,20.8,0,38.1,38.6
98270,16970,11267,5703,86.4,86.2,86.8,1.9,1.9,1.8,1.3,0.9,2.1,4.9,5.9,2.8,0.1,0.2,0,2.4,2.1,3,3,2.7,3.5,8.1,6.7,10.9,81.2,82.1,79.4,21.9,18.2,29.3,19.3,16.7,24.4,22.1,25.3,15.7,17.7,19
98271,10133,7364,2769,84.4,87.6,75.8,1.1,0.7,2.2,7.4,5.4,12.7,2,2.1,1.8,0.3,0.4,0,1.4,0.3,4.4,3.4,3.6,3.1,5.5,2.6,13,80.9,85.5,68.7,18.9,10.9,40.3,16.9,14.9,22.2,21.9,24,16.5,22.1,25.3
98272,8535,6435,2100,92.7,93.1,91.5,0.7,0.8,0.5,0.7,0.8,0.3,1.5,1.2,2.6,0,0,0,2.2,1.9,2.9,2.2,2.1,2.3,8.8,6.6,15.4,86.7,89,79.6,17.6,14.1,28.3,22.2,22,23,23.3,25.4,16.8,19.1,21.8
98273,10549,6250,4299,85,89.7,78,0.8,0.5,1.3,0.5,0.3,0.7,2,2.6,1.1,0,0,0.1,9.6,4.9,16.5,2.1,2,2.3,21.8,9.6,39.4,73.6,85.3,56.5,21.9,12.6,35.3,18.9,18.4,19.7,19,19,19.1,19.1,23.4
98274,6401,4826,1575,88.7,89.8,85.1,0,0,0,1.3,0.9,2.6,2.2,1.5,4.2,0,0,0,6.4,6.5,6.3,1.4,1.3,1.8,14.6,14.1,16.1,80.8,82.4,76.1,13,7.6,29.7,14.1,13.5,15.8,19.3,20.7,15.2,23.4,26.4
98275,7900,5367,2533,78.9,78.8,79.3,1,0.7,1.7,0.2,0.2,0,16.5,16.7,16.1,0,0,0,0.4,0.4,0.5,2.9,3.2,2.4,2.8,2.4,3.7,76.8,77.1,76,12.3,6.6,24.5,15.5,11.1,24.7,27.1,30.6,19.8,26.4,29.5
98276,204,181,23,94.6,100,52.2,0,0,0,0,0,0,0,0,0,0,0,0,5.4,0,47.8,0,0,0,5.4,0,47.8,94.6,100,52.2,29.9,31.5,17.4,24,21,47.8,19.1,19.3,17.4,17.6,17.7
98277,15632,8358,7274,84.4,88.6,79.7,3.9,1.4,6.8,1.1,1.1,1.1,5.9,5.7,6.1,0.4,0.3,0.5,1.4,0.8,2.1,2.8,2.1,3.6,8,3.7,13,78.6,86.1,69.9,32.2,11.4,56.1,15,13.5,16.7,15.1,19.2,10.3,15.9,23.4
98278,0,0,0,-,-,-,-,-,-,-,-,-,-,-,-,-,-,-,-,-,-,-,-,-,-,-,-,-,-,-,-,-,-,-,-,-,-,-,-,-,-
98279,324,257,67,98.1,98.1,98.5,0,0,0,0,0,0,0,0,0,0,0,0,0.9,1.2,0,0.9,0.8,1.5,3.7,1.2,13.4,95.7,98.1,86.6,3.7,1.2,13.4,9.6,6.2,22.4,12.7,12.8,11.9,28.4,25.3
98280,235,220,15,100,100,100,0,0,0,0,0,0,0,0,0,0,0,0,0,0,0,0,0,0,1.3,1.4,0,98.7,98.6,100,2.6,0,40,1.3,0,20,11.9,12.7,0,17,16.8
98281,646,531,115,94.9,95.3,93,2.8,3.4,0,0,0,0,0.5,0,2.6,0,0,0,0,0,0,1.9,1.3,4.3,0,0,0,94.9,95.3,93,8,7.7,9.6,8.7,9.2,6.1,26.3,22.8,42.6,28.8,27.1
98282,6359,5370,989,96.3,96.4,95.8,0.5,0.5,0,0.2,0.2,0,1.3,1.5,0,0,0,0,0.7,0.7,0.5,1,0.5,3.7,2.3,1.6,6,94.8,95.6,90.3,6.7,5.1,15.2,12.2,10.4,22,18.6,18,21.7,24.8,25.6
98283,172,75,97,100,100,100,0,0,0,0,0,0,0,0,0,0,0,0,0,0,0,0,0,0,0,0,0,100,100,100,28.5,0,50.5,4.7,0,8.2,23.3,0,41.2,9.3,21.3
98284,9360,6394,2966,93.2,96.3,86.4,0.9,0.2,2.4,1.8,0.9,3.7,0.6,0.5,0.7,0,0,0,0.7,0,2.2,2.8,2,4.7,5.2,3.8,8.4,89.2,93.2,80.6,17.8,11.4,31.7,17.3,13.7,25,20.3,20,20.9,22.4,28.3
98286,91,67,24,100,100,100,0,0,0,0,0,0,0,0,0,0,0,0,0,0,0,0,0,0,0,0,0,100,100,100,3.3,0,12.5,0,0,0,16.5,11.9,29.2,29.7,25.4
98288,82,78,4,100,100,100,0,0,0,0,0,0,0,0,0,0,0,0,0,0,0,0,0,0,0,0,0,100,100,100,3.7,0,75,0,0,0,26.8,28.2,0,23.2,23.1
98290,12296,9560,2736,95.9,97,92.2,0.2,0.3,0,0.8,0.6,1.6,0.7,0.8,0.5,0,0,0,0.8,0.4,2.1,1.6,1,3.6,3.2,2.3,6.5,93.4,95.1,87.4,12.1,8.7,23.8,17.8,15.5,25.6,26,27.8,20.1,23.4,26.2
98292,8035,6068,1967,94.7,95.6,91.9,0.9,1.2,0,0.8,0.3,2.6,0.5,0,1.9,0.1,0.1,0,0.9,1,0.8,2.1,1.9,2.8,4.3,2.8,9,91.6,93.8,84.6,13,7.9,28.6,15.2,14.9,16.2,21.7,22.2,20.1,24.4,29
98294,2460,1686,774,92.9,90.4,98.3,0,0,0,0.3,0.4,0,1.5,2.2,0,0.2,0,0.8,2.8,3.7,0.9,2.2,3.3,0,9.2,11,5.3,87,83.9,93.9,15.7,12.8,22.1,21.7,19.1,27.5,22.6,18.6,31.5,22.6,28.4
98295,869,563,306,93.6,98.8,84,0,0,0,2.4,0.5,5.9,1.7,0.7,3.6,0,0,0,0.7,0,2,1.6,0,4.6,6.6,2.3,14.4,89.6,97,76.1,25.3,18.5,37.9,12.2,8.9,18.3,31.3,33.4,27.5,15.2,17.2
98296,9641,8232,1409,87.6,87.9,86.1,1,1.2,0,0,0,0,7.1,7.3,6,0,0,0,1.4,1.1,3.3,2.8,2.5,4.6,3.7,3,7.3,85,85.5,82,10.2,6.9,29.4,26.3,24.8,35.1,28.7,31,15,21.9,23.3
98297,31,20,11,100,100,100,0,0,0,0,0,0,0,0,0,0,0,0,0,0,0,0,0,0,0,0,0,100,100,100,0,0,0,0,0,0,0,0,0,22.6,35
98303,574,513,61,94.9,94.3,100,0,0,0,0,0,0,2.8,3.1,0,0,0,0,0,0,0,2.3,2.5,0,0,0,0,94.9,94.3,100,5.2,0,49.2,0,0,0,19.2,15.4,50.8,26.8,30
98304,334,211,123,100,100,100,0,0,0,0,0,0,0,0,0,0,0,0,0,0,0,0,0,0,0,0,0,100,100,100,3.9,0,10.6,11.7,0,31.7,17.4,6.6,35.8,33.8,49.3
98305,154,124,30,93.5,91.9,100,0,0,0,0,0,0,0,0,0,0,0,0,0,0,0,6.5,8.1,0,0,0,0,93.5,91.9,100,0,0,0,3.2,0,16.7,28.6,23.4,50,17.5,13.7
98310,8659,4404,4255,76.6,83.7,69.3,4.8,3.1,6.5,1.1,0.7,1.6,5.2,5.4,4.8,1.7,1.1,2.4,3.7,1.4,6,6.9,4.6,9.3,8.1,3.7,12.7,73.7,81.9,65.3,24.5,11.3,38.2,14.7,13.9,15.6,18.8,22.5,15,16.1,20.1
98311,10031,6992,3039,78,82.4,67.9,6,1.9,15.3,0.2,0.4,0,7.5,9.1,3.9,1.3,1.6,0.6,2.5,1.5,4.8,4.4,3,7.6,4.4,4.3,4.7,76.3,80.3,67.1,22.3,12.4,45.2,17.6,16.2,20.8,17.7,19.1,14.5,19.6,23.6
98312,12308,7401,4907,84.9,87.7,80.5,2.3,1.8,3.2,1,0.7,1.5,3.3,3.2,3.6,0.5,0,1.2,1.8,1.1,2.9,6.2,5.6,7.1,5.8,4.3,8.1,81.2,84.5,76.1,24.5,11,44.8,17.8,17.7,17.9,19.2,18.4,20.3,19.2,26.5
98314,17,0,17,100,-,100,0,-,0,0,-,0,0,-,0,0,-,0,0,-,0,0,-,0,0,-,0,100,-,100,0,-,0,76.5,-,76.5,0,-,0,23.5,-
98315,1308,0,1308,84.3,-,84.3,1.7,-,1.7,1.1,-,1.1,3.6,-,3.6,1.6,-,1.6,2.1,-,2.1,5.6,-,5.6,16.6,-,16.6,71,-,71,84.5,-,84.5,10.2,-,10.2,5.3,-,5.3,0,-
98320,561,451,110,95.9,98.4,85.5,0,0,0,0.9,0,4.5,0.5,0.7,0,0,0,0,0,0,0,2.7,0.9,10,1.2,1.6,0,94.7,96.9,85.5,2,0,10,5.3,3.8,11.8,17.6,16.2,23.6,30.1,27.7
98321,5041,4047,994,94.4,96.7,85.3,0.3,0.3,0.4,1.3,0.2,5.6,0.4,0.4,0,0.2,0,0.9,0.6,0.4,1.5,2.8,1.9,6.2,2.8,2.9,2.2,92.8,94.8,84.6,12.1,6.1,36.6,24.6,23.3,29.8,21.7,23.9,12.7,20,22.5
98323,232,177,55,96.1,94.9,100,0,0,0,0,0,0,0,0,0,0,0,0,0,0,0,3.9,5.1,0,5.6,2.3,16.4,90.5,92.7,83.6,26.7,16.4,60,19,19.8,16.4,14.7,18.1,3.6,14.7,13
98325,734,574,160,97.4,100,88.1,0,0,0,0,0,0,0,0,0,0,0,0,0,0,0,2.6,0,11.9,1.8,2.3,0,95.6,97.7,88.1,4.2,2.6,10,7.2,9.2,0,30.9,29.1,37.5,39.4,35.7
98326,231,113,118,77.9,81.4,74.6,0,0,0,9.1,18.6,0,0,0,0,0,0,0,11.3,0,22,1.7,0,3.4,14.7,7.1,22,74.5,74.3,74.6,8.2,0,16.1,26.8,18.6,34.7,18.2,23.9,12.7,16.5,12.4
98327,3290,1731,1559,81.2,75.5,87.6,7.9,8.6,7.1,0.3,0,0.7,7.1,11.4,2.3,1.7,1.2,2.2,0,0,0,1.7,3.2,0,10.5,4.6,17.1,70.7,70.9,70.5,27.3,11.9,44.3,31.6,32.1,31,23.2,31,14.5,6.5,11.7
98328,3886,2991,895,95.3,94.6,97.8,0.3,0.3,0.6,0,0,0,0.9,1.1,0,0,0,0,0,0,0,3.5,4,1.7,3.5,1.7,9.7,91.8,92.9,88,13.7,10.2,25.5,15.6,12.2,27,24,25.6,18.7,19,19.7
98329,3883,3256,627,92.2,92.7,89.6,1.4,1.6,0,1.2,0.6,4.5,1.4,1.5,1,1,1.2,0,0.3,0,1.8,2.5,2.4,3.2,2.3,1.6,6.1,90.1,91.1,85.3,12.8,7.4,40.5,15.4,14.2,21.7,23,22.4,26,24.5,28.7
98330,94,51,43,100,100,100,0,0,0,0,0,0,0,0,0,0,0,0,0,0,0,0,0,0,0,0,0,100,100,100,45.7,0,100,0,0,0,0,0,0,34,62.7
98331,2477,1583,894,85.9,90.5,77.6,0.7,0,1.9,9.1,4.3,17.6,1.1,1.1,1.2,0,0,0,0,0,0,3.2,4.1,1.7,11.3,9.1,15.1,74.8,81.6,62.9,19.1,9.8,35.6,15.3,10.7,23.4,16.2,17.6,13.6,22.9,27.7
98332,6016,4940,1076,90.8,92,85.1,1.6,1.3,3,0.4,0.3,1.1,2.9,2.8,3.4,0,0,0,1.3,0.6,4.4,2.9,2.9,3,3.1,1.9,8.6,89.7,90.8,84.7,10,6.1,28,13.2,14.4,7.6,24.4,22.9,31.1,22.4,24.6
98333,1354,1214,140,94,95.7,79.3,0,0,0,0,0,0,1.9,2.1,0,0,0,0,0,0,0,4.1,2.1,20.7,1.8,1.6,3.6,92.2,94.1,75.7,6.9,3.9,32.9,12.7,13.1,9.3,17.4,16.4,26.4,39.2,40.1
98335,9576,6978,2598,93.2,94.6,89.3,0.8,0.7,1,1,0.7,1.7,2.4,1.8,4,0,0,0,0.9,0.7,1.6,1.7,1.4,2.6,3.9,2.3,8,90,92.6,82.8,11,4.9,27.5,14.1,12.9,17.1,18.8,20.3,14.7,28.4,33
98336,402,275,127,98.8,98.2,100,0,0,0,1.2,1.8,0,0,0,0,0,0,0,0,0,0,0,0,0,0,0,0,98.8,98.2,100,15.4,0,48.8,4.2,6.2,0,12.4,8.7,20.5,28.9,30.5
98337,2879,963,1916,77.2,76.4,77.7,6.8,7.7,6.4,3.5,5.8,2.4,3.6,7,2,0.7,1.2,0.4,1.4,0,2.1,6.7,1.9,9.1,6,0,9.1,74.2,76.4,73.1,29.9,3.9,42.9,12.2,13,11.7,22.8,23.5,22.4,19.8,25.8
98338,8983,7594,1389,91.3,93.3,80.4,1.6,1.3,3.6,1.3,1,2.6,1.4,1.1,3.2,0.5,0.6,0,0.4,0.3,0.9,3.5,2.5,9.3,4.1,3.5,7.1,87.8,90.2,74.7,16.8,12.3,41.3,14.9,13,25.2,27.6,29.6,16.6,20.5,22
98339,1340,906,434,91.5,96.7,80.6,0,0,0,3.2,0,9.9,0.4,0.7,0,0,0,0,0.8,0,2.5,4,2.6,6.9,4.6,1,12.2,87.7,95.7,71,9.4,3.3,22.1,14.6,11.7,20.7,20,20.3,19.4,27,27.9
98340,1249,1135,114,90.7,93.4,64,1.6,1.8,0,1.2,1.3,0,2.2,2.5,0,0,0,0,0,0,0,4.2,1.1,36,0,0,0,90.7,93.4,64,2,0,21.9,16,14.4,32.5,14.7,14.9,12.3,26.1,25.4
98342,603,456,147,92.9,94.5,87.8,0,0,0,1.3,0.9,2.7,0,0,0,0,0,0,1.2,0.7,2.7,4.6,3.9,6.8,1,0.7,2,91.9,93.9,85.7,10.3,2,36.1,11.3,9.4,17,16.3,18.9,8.2,33.7,34.4
98345,200,149,51,97.5,96.6,100,0,0,0,0,0,0,0,0,0,0,0,0,0,0,0,2.5,3.4,0,0,0,0,97.5,96.6,100,28,3.4,100,33,44.3,0,3.5,4.7,0,14,18.8
98346,3875,2897,978,88.1,87.5,89.6,0,0,0,3.5,3.6,3.3,2.7,3.6,0,1,0.1,3.6,0.1,0.1,0.3,4.6,5,3.3,2.2,1.9,3.1,86.3,85.7,88.1,14.7,7.6,35.7,11.2,12.7,6.7,23.3,23.2,23.5,23.1,25.7
98349,1784,1426,358,95.9,95.4,97.8,0,0,0,0.7,0.8,0,0,0,0,0,0,0,0.4,0,2.2,3,3.8,0,1,0.7,2.2,94.8,94.7,95.5,21.8,19,33,9.1,8.1,13.1,25.2,28.1,14,21.8,21.5
98350,121,66,55,14,18.2,9.1,0,0,0,79.3,81.8,76.4,0,0,0,3.3,0,7.3,0,0,0,3.3,0,7.3,12.4,7.6,18.2,12.4,15.2,9.1,35.5,13.6,61.8,17.4,19.7,14.5,19.8,25.8,12.7,22.3,31.8
98351,313,282,31,86.6,85.1,100,0,0,0,6.1,6.7,0,0,0,0,0,0,0,0,0,0,7.3,8.2,0,0,0,0,86.6,85.1,100,11.8,8.2,45.2,18.5,20.6,0,11.8,7.1,54.8,12.1,13.5
98353,15,0,15,100,-,100,0,-,0,0,-,0,0,-,0,0,-,0,0,-,0,0,-,0,0,-,0,100,-,100,0,-,0,0,-,0,100,-,100,0,-
98354,2814,1787,1027,89.9,89.7,90.3,3,1.8,5.1,0.9,1,0.7,3.7,5.8,0,0,0,0,0.6,0.2,1.5,2,1.6,2.5,4.7,2,9.3,86.4,88.6,82.4,21.7,14.5,34.1,17.4,17.1,17.9,22.1,25.6,16.2,16.6,15.9
98355,309,252,57,92.6,90.9,100,0,0,0,0,0,0,0,0,0,0,0,0,0,0,0,7.4,9.1,0,0,0,0,92.6,90.9,100,1.9,2.4,0,13.3,4,54.4,24.3,29.8,0,35.9,33.7
98356,943,719,224,96,97.1,92.4,0,0,0,0.5,0,2.2,0.5,0.7,0,0,0,0,0,0,0,3,2.2,5.4,2.3,1.8,4,93.6,95.3,88.4,14.3,3.9,47.8,11,7.2,23.2,11.2,12.9,5.8,31.7,38.5
98357,487,325,162,12.9,8,22.8,0,0,0,78.6,82.8,70.4,0,0,0,0,0,0,0.8,0,2.5,7.6,9.2,4.3,3.9,3.4,4.9,12.9,8,22.8,18.5,14.8,25.9,22,18.2,29.6,24.6,24,25.9,21.1,25.8
98358,478,423,55,93.7,100,45.5,0,0,0,0,0,0,0,0,0,0,0,0,0,0,0,6.3,0,54.5,0,0,0,93.7,100,45.5,1.5,1.7,0,15.9,10.9,54.5,14.6,14.4,16.4,23.8,23.2
98359,1722,1454,268,96.6,95.9,100,0,0,0,0.3,0.4,0,0.6,0.8,0,0,0,0,0.7,0.8,0,1.7,2.1,0,1.3,1.5,0,96,95.3,100,7.8,4.6,25,16.1,15.2,21.3,21.8,22.6,17.5,24.9,25.4
98360,4239,3491,748,96,97.3,90.2,0.9,0.4,3.1,0.7,0.4,1.9,0.4,0.5,0,1.6,0.9,4.8,0,0,0,0.4,0.5,0,3.7,4.1,1.7,92.3,93.2,88.5,17.8,16.4,24.2,23.4,21.1,34,20.8,20.4,22.6,18.3,19.2
98361,514,401,113,92,97.3,73.5,0,0,0,0,0,0,3.9,0,17.7,0,0,0,0,0,0,4.1,2.7,8.8,0,0,0,92,97.3,73.5,3.9,0,17.7,3.3,0,15,15.2,11,30.1,18.1,12.7
98362,10021,6549,3472,93,94.8,89.6,1.2,0.2,3.1,2,1.3,3.3,1.3,1,2,0.1,0,0.4,0.2,0.3,0,2.2,2.5,1.6,2.6,1.9,3.9,90.7,93.4,85.7,14.7,6.5,30.2,11.4,10.8,12.5,17.8,16.8,19.8,24.2,27.7
98363,5494,3845,1649,91.1,91.4,90.5,0,0,0,5.3,5.3,5.5,1.1,0.9,1.6,0.1,0.1,0,0,0,0,2.4,2.4,2.4,2.7,3.3,1.5,88.7,88.5,89.1,16.5,9.4,32.9,15.3,13.2,20.3,16,16.1,15.9,21.6,25.9
98364,29,0,29,100,-,100,0,-,0,0,-,0,0,-,0,0,-,0,0,-,0,0,-,0,0,-,0,100,-,100,0,-,0,100,-,100,0,-,0,0,-
98365,2048,1727,321,96.8,96.2,100,0,0,0,1.6,1.9,0,1.6,1.9,0,0,0,0,0,0,0,0,0,0,0.5,0.6,0,96.3,95.7,100,6.3,0,40.2,2.7,2.3,5.3,12,11.9,12.1,25.2,26.6
98366,12370,7965,4405,90.3,90.9,89.4,1.8,1.1,3.1,0.5,0.5,0.5,3.7,4.5,2,0.7,0.6,1,0.3,0.5,0.2,2.6,1.9,3.8,4.5,2.6,7.9,87.2,89,83.9,22.2,11.9,40.9,16.5,14.4,20.3,14.9,16.7,11.6,22.2,25.9
98367,10238,8744,1494,89.8,90,89.1,1.4,1.3,2.3,0.6,0.4,1.3,2.8,2.9,2.4,0.9,0.9,0.7,0.5,0.6,0,3.9,3.9,4.1,4.6,4.8,3.6,86.2,86.4,85.5,14.7,11.1,35.3,15.8,15.7,16.7,23.4,24.1,19.4,23.4,25
98368,7168,5055,2113,96.5,97.7,93.6,0.3,0.2,0.5,0.9,0.5,1.8,1,0.4,2.6,0,0,0,0,0,0,1.3,1.2,1.5,1.1,1.5,0,95.4,96.2,93.6,9.4,2.8,25.1,8.8,6.9,13.1,11.6,10.7,13.6,25,26.4
98370,11400,8954,2446,91.4,93.1,85.4,0.4,0.3,0.9,1,1,1,2.4,1.7,5.1,0.3,0.4,0.2,1.7,1.5,2.2,2.7,2,5.2,4.9,4,8.3,88.5,90.9,79.4,13.1,7.1,35.1,14.6,13.4,19.1,22.3,22.7,20.9,21.8,25.7
98371,8050,5385,2665,89.4,91.8,84.4,2.1,1.6,3.2,1.2,1.1,1.4,2.2,2,2.7,0.3,0,0.9,0.7,0.4,1.4,4.1,3.1,6.1,5.1,4.5,6.3,85.8,88,81.2,15.8,8.3,31.1,17.4,14.2,24,18,20.1,13.7,21.7,25.1
98372,9176,5483,3693,87.9,90.9,83.5,1.4,0.7,2.6,1.4,0.9,2.2,2.8,2.7,3.1,0.1,0,0.3,1.5,1.3,1.8,4.8,3.6,6.6,7.2,3.4,12.8,83.1,89,74.2,20.4,8.1,38.6,15.7,15.5,16.1,21.6,22.3,20.5,21.5,26.2
98373,8609,4886,3723,83.9,87.1,79.7,6.8,4.6,9.7,0.6,0.6,0.7,4.3,4.6,4,0.1,0,0.3,1.3,0.7,2.1,2.9,2.4,3.6,5.4,3.6,7.6,80.5,84.6,75,25.2,11.9,42.5,21.3,21.2,21.4,21.1,25.2,15.7,16.9,20.7
98374,13440,9533,3907,84.6,83.8,86.5,3.8,3.8,3.9,0.9,0.3,2.4,4.8,5.5,3.1,0.4,0.5,0.3,2.4,2.5,2,3.2,3.7,1.9,5.6,4.9,7.3,81.4,81.1,82.2,18.6,10.2,39,21.3,21.8,20.2,22,26.4,11.2,17,20.6
98375,9437,7041,2396,77.2,78.4,73.6,7.4,6.9,8.8,0.5,0.4,1.1,5.3,5.4,5.1,0.6,0.7,0.5,1.8,2.1,0.9,7.1,6.1,10.1,9.6,10.8,6.1,69.5,69.9,68.4,22.1,18.7,32.2,27.7,25.1,35.1,21.3,24.3,12.4,15.9,18.9
98376,738,632,106,94,95.7,84,0,0,0,4.6,4.3,6.6,0,0,0,0,0,0,0,0,0,1.4,0,9.4,1.1,0.8,2.8,93.6,95.7,81.1,10.4,6.6,33,4.9,2.8,17,19.5,19.3,20.8,33.1,37.3
98377,854,602,252,88.5,90.5,83.7,0,0,0,2.1,0.3,6.3,2.9,0,9.9,0,0,0,0,0,0,6.4,9.1,0,3.6,5.1,0,86.9,88.2,83.7,12.2,0,41.3,5.9,6.8,3.6,17.3,18.8,13.9,31.7,33.7
98380,1931,1662,269,85.9,85.1,90.7,2.4,2.8,0,1.6,1.9,0,4.6,5.3,0,0,0,0,3.9,3.1,9.3,1.6,1.9,0,3.9,3.1,9.3,85.9,85.1,90.7,12.4,6.6,48,11.7,10.5,19.3,21.5,23.8,7.1,27,27.8
98381,216,155,61,92.6,92.9,91.8,0,0,0,0,0,0,0,0,0,0,0,0,0,0,0,7.4,7.1,8.2,1.4,1.9,0,91.2,91,91.8,6.5,9,0,8.3,0,29.5,13.9,19.4,0,60.2,56.1
98382,12475,9408,3067,95.5,96.8,91.4,0.4,0,1.6,0.5,0.1,1.9,1,1.2,0.6,0,0,0,0.6,0.3,1.8,1.9,1.6,2.8,2.9,1.9,6,92.9,95.1,86.4,8.4,2.6,26,9,6.7,16.4,11.1,10.3,13.3,20.4,22.2
98383,8193,4438,3755,81.5,82.4,80.4,3.8,4.6,2.9,0.9,0.5,1.4,7.4,8.4,6.3,0.4,0.7,0,0.6,0.5,0.6,5.4,2.8,8.5,5.5,3.7,7.5,77.2,79.2,74.7,25,7.2,46,13.4,11,16.2,21.4,29.3,12,16.1,23.8
98385,109,99,10,95.4,94.9,100,0,0,0,0,0,0,1.8,2,0,0,0,0,0,0,0,2.8,3,0,0,0,0,95.4,94.9,100,6.4,7.1,0,40.4,37.4,70,12.8,14.1,0,15.6,17.2
98387,14907,10974,3933,80.2,82,75.4,8.8,8.5,9.6,0.8,0.4,2,3.5,3.4,3.5,1.6,1,3.5,0.8,0.8,0.8,4.2,3.9,5.2,7.2,6.1,10.2,74.8,77.1,68.4,23.4,17.6,39.8,23.1,21.3,28.1,22.2,22.7,20.7,16.2,19.6
98388,2606,1546,1060,82.2,84.6,78.7,4.9,2.3,8.8,0.7,0.6,0.7,8.2,9.4,6.5,0.9,0,2.3,1,1.6,0,2.1,1.5,3.1,6.1,6.2,6,77.3,80.5,72.6,19.7,3,44.2,17.8,14,23.4,17.6,20.2,13.7,20.1,24.6
98390,4246,2234,2012,90.4,94,86.4,1.4,0,2.9,0.5,0,1.1,3,3.3,2.6,0,0,0,0.4,0.4,0.3,4.3,2.2,6.7,6.2,4.5,8.1,84.7,90,78.9,20.7,8.8,34,17,18.4,15.4,19.4,23,15.4,17.6,18.4
98391,15711,13152,2559,91.8,92.6,87.7,0.9,0.7,1.4,1.2,1.3,0.7,1.5,1.7,0.4,0.3,0,1.8,0.6,0.6,0.7,3.7,3,7.3,2.9,3.3,0.7,89.9,90.3,87.7,18.8,14.6,40.6,20.9,20.4,24,25.2,27.2,15.3,20.3,22.5
98392,1237,874,363,83.8,86.8,76.6,0.5,0.7,0,7.4,4.7,14,2.3,3,0.8,0.4,0,1.4,0.6,0.8,0,4.9,4,7.2,3,3,3,81.7,84.9,74.1,13.3,7,28.4,17.2,13.5,26.2,18.4,19,16.8,28.8,34.2
98394,463,399,64,95,96,89.1,0,0,0,0,0,0,0,0,0,0,0,0,0,0,0,5,4,10.9,0,0,0,95,96,89.1,8.2,5.8,23.4,14.5,9.5,45.3,15.6,18,0,28.1,27.6
98396,237,192,45,97,96.4,100,0,0,0,0.8,1,0,0,0,0,0,0,0,0,0,0,2.1,2.6,0,4.2,3.1,8.9,92.8,93.2,91.1,23.6,24,22.2,22.4,15.6,51.1,19.4,20.3,15.6,18.1,20.8
98402,3277,383,2894,72.9,87.5,71,12.3,6.3,13.1,0.1,0,0.1,8.4,1.3,9.4,0.7,0,0.8,0.8,0,0.9,4.8,5,4.7,6,5.5,6,68.1,82,66.3,38.1,9.4,41.9,18.4,9.7,19.6,9.9,13.3,9.5,14.7,35.2
98403,4299,1556,2743,90.3,94.5,87.9,2.1,1.1,2.7,1.5,0.9,1.9,3.6,0.9,5.2,0,0,0,0,0,0,2.4,2.6,2.4,4,0,6.2,86.7,94.5,82.3,30.5,9.2,42.6,15.6,17.6,14.4,16.8,20,14.9,18,26.4
98404,10769,5996,4773,52.5,61.5,41.2,14.7,12,18,3.5,2.7,4.4,11.9,11.5,12.4,2.2,1.1,3.6,10.8,7.8,14.6,4.4,3.4,5.7,15.8,13.1,19.2,49.2,57.5,38.8,24,13.9,36.6,20.7,20.7,20.7,17.7,19.3,15.8,17.7,21.1
98405,9379,4058,5321,71.3,73.2,69.9,17.1,15.4,18.5,0.7,1.1,0.5,4.8,4.8,4.7,0.3,0.2,0.4,0.4,0.7,0.2,5.2,4.7,5.7,4.8,5.2,4.4,67.7,70.1,65.8,28.5,15.6,38.3,16.1,19.1,13.8,21.6,22.8,20.7,15.9,18
98406,9265,5664,3601,86.2,90.6,79.2,6.5,3.8,10.9,0,0,0,3.5,2.9,4.4,0.2,0.2,0.3,0.8,0.5,1.3,2.8,2,4,4.6,3.2,6.8,82.6,88,74.2,22.4,12.3,38.3,14.7,17.7,10.2,16.2,16.2,16.1,19.1,23.2
98407,8917,5284,3633,89.4,92.5,85,2.7,2,3.7,0.4,0.1,0.8,3.3,3.4,3.1,0.2,0,0.5,0.3,0.6,0,3.7,1.4,7,2.4,2,2.8,87.6,91,82.6,14.5,8.5,23.2,18.2,15.1,22.8,20,20.4,19.4,21.7,26.6
98408,6967,3979,2988,69.9,77.3,60.1,10.7,7.6,14.8,1,0,2.3,7.5,8.8,5.6,0.7,0.8,0.6,4.5,1.7,8.3,5.6,3.8,8.1,8.5,3.4,15.2,67.6,76.7,55.5,17.8,9.5,28.7,17.3,13.4,22.5,23.9,26.7,20.3,17.2,21.6
98409,9276,3677,5599,64.6,70.2,60.9,16.8,12.6,19.6,1.5,1.4,1.6,5.2,6.1,4.6,1.2,0.9,1.4,3,2.2,3.5,7.7,6.6,8.4,9.1,4.7,12,59.1,67.8,53.4,32,11,45.9,20.7,23.5,18.9,17,16.3,17.4,15.5,24.6
98416,0,0,0,-,-,-,-,-,-,-,-,-,-,-,-,-,-,-,-,-,-,-,-,-,-,-,-,-,-,-,-,-,-,-,-,-,-,-,-,-,-
98418,3618,2175,1443,67.6,73.7,58.4,11.5,8.4,16.3,3.9,2.3,6.2,8.5,7.5,9.8,0.5,0,1.2,4.9,3.3,7.3,3.2,4.8,0.7,6.9,3.6,11.9,65.9,72.5,56.1,16.4,6.7,31,24.2,26.3,21.1,21.2,20.6,22.1,21,24.1
98421,0,0,0,-,-,-,-,-,-,-,-,-,-,-,-,-,-,-,-,-,-,-,-,-,-,-,-,-,-,-,-,-,-,-,-,-,-,-,-,-,-
98422,7404,5630,1774,77.9,79.8,71.6,5.1,4.7,6.2,1,0.4,3,10.9,10.6,11.7,0.6,0.6,0.4,1.1,0.7,2.5,3.5,3.1,4.6,5.1,4.5,7,74.1,76.3,67.1,14.7,9,32.9,17.2,15.8,21.7,25.7,26.4,23.6,22.6,25.7
98424,3860,1633,2227,64.7,67.2,62.8,10.2,8.7,11.2,2.8,2.6,2.9,13,17.4,9.8,3.6,1.6,5.1,1.2,0.6,1.7,4.5,1.9,6.5,12,5.8,16.5,55.4,62.9,49.8,32.7,20.6,41.5,22.8,24.1,21.8,19,19,19,15,17.8
98430,4,4,0,0,0,-,0,0,-,0,0,-,100,100,-,0,0,-,0,0,-,0,0,-,0,0,-,0,0,-,0,0,-,100,100,-,0,0,-,0,0
98433,3914,18,3896,75.4,100,75.3,12.7,0,12.8,0.3,0,0.3,1.8,0,1.8,3.8,0,3.8,1.9,0,2,3.9,0,4,17,100,16.7,62.9,0,63.2,72.6,0,73,23.3,100,23,3.7,0,3.7,0.4,0
98438,0,0,0,-,-,-,-,-,-,-,-,-,-,-,-,-,-,-,-,-,-,-,-,-,-,-,-,-,-,-,-,-,-,-,-,-,-,-,-,-,-
98439,1949,307,1642,71,80.8,69.1,13.8,3.6,15.7,3,0,3.6,1.9,0,2.3,0.6,0,0.7,4.6,13,3,5.1,2.6,5.5,24.9,13,27.1,52.2,80.8,46.9,56,38.1,59.3,20.8,15.6,21.7,5.9,4.9,6.1,13.2,33.2
98443,2214,1812,402,87.4,87.4,87.1,2.2,1.9,3.2,3.3,2.7,6,2.8,3.4,0,0.4,0.4,0,1.4,1.4,1.5,2.6,2.6,2.2,3,2.9,3.5,86.2,86.3,85.8,9.6,3.1,38.8,13.3,12.5,17.2,20.9,21.7,17.2,25.5,28
98444,12757,4548,8209,63,73.3,57.3,13.2,6.9,16.7,1.4,0.2,2,9.6,13.8,7.4,3.1,0.8,4.4,3.7,0.5,5.4,6,4.5,6.8,11.6,6,14.7,56.1,69.3,48.8,27.7,12.1,36.3,18.2,13.9,20.6,20.5,20.8,20.3,16.4,24.1
98445,10829,7087,3742,72.9,76.4,66.2,11,10.4,12.1,0.2,0.2,0.3,6.8,6.9,6.7,2.7,0.9,6.1,1.5,1.5,1.5,4.9,3.8,7.1,7,6.2,8.5,68.4,71.9,61.9,23.2,13.2,42.2,17.4,15.4,21.1,23.6,24,22.8,16,20.8
98446,3868,2717,1151,78.1,80,73.7,4.3,3.3,6.7,1.8,2.3,0.5,7.3,7.7,6.4,0.6,0,2,2,2.5,0.7,5.9,4.1,10,4.7,3.6,7.1,76,79.7,67.2,17.5,11.9,30.8,20.3,16.6,29,24,24.7,22.3,16.9,19.9
98447,0,0,0,-,-,-,-,-,-,-,-,-,-,-,-,-,-,-,-,-,-,-,-,-,-,-,-,-,-,-,-,-,-,-,-,-,-,-,-,-,-
98465,3085,1379,1706,74.7,88,64,13.9,3.3,22.4,0.8,0,1.5,5.6,4.4,6.6,0,0,0,1.3,0,2.3,3.6,4.2,3.2,4.1,2.5,5.5,73.6,85.5,64,19.5,9,28,14,12.1,15.5,15.9,21.5,11.3,17.2,17.3
98466,11238,5805,5433,78.6,88,68.5,8.9,2,16.3,1,1.1,1,4.8,5.7,3.8,0.2,0,0.3,2.2,0.5,4,4.4,2.8,6.1,5.3,3.2,7.5,76,85.4,66,20.6,6.4,35.8,17.4,14.8,20.2,18.5,20.6,16.2,18.2,24.3
98467,6117,3042,3075,66.8,76.3,57.4,9.6,4.2,15,0.1,0.2,0,12.1,15.3,9,2,0.7,3.3,3.1,1.1,5.1,6.2,2.2,10.2,8.9,4,13.7,61.9,74,49.9,23.5,3.6,43.2,16.2,15.1,17.2,21,21.3,20.7,21.4,31.5
98498,10957,6654,4303,69.5,75.6,60.1,10.6,6.9,16.3,1.3,1.3,1.3,7.7,9.3,5.1,1.6,1.2,2.2,3.3,1.8,5.7,6,3.9,9.2,9.6,6.4,14.6,65,71.6,54.8,21.1,6.1,44.1,15.5,13.2,19.1,16.1,17.8,13.5,18.1,19.9
98499,12627,4810,7817,62.8,77.3,53.8,14.5,7.2,19.1,1.7,0.9,2.2,8.5,8.4,8.5,2.1,0.7,2.9,5.6,2.5,7.6,4.8,3,5.9,14.9,7.5,19.4,55.6,73.8,44.4,28.1,9.3,39.6,15.1,12.7,16.6,17.9,20.2,16.6,19.4,24.4
98501,16602,9999,6603,89,91.4,85.2,2.1,1.3,3.4,1.3,1,1.7,3.9,4.6,2.9,0.4,0,1,0.3,0,0.7,3,1.6,5.1,4.2,2.8,6.4,85.6,89.1,80.2,19.2,8.6,35.3,18.2,16.2,21.3,19.3,22.3,14.8,20.2,25.2
98502,12829,7393,5436,88.8,90.5,86.4,0.3,0,0.7,1.1,0.8,1.5,5.2,5.1,5.4,0.2,0.3,0.1,1.4,0.5,2.7,3,2.8,3.2,4,2.9,5.6,86.6,88.7,83.7,20.1,7.5,37.2,16.4,14.6,18.8,17.9,19.7,15.4,23,28.9
98503,14825,7533,7292,81,85.2,76.7,4.7,3.4,6.1,1.8,1.7,1.9,6.9,5,8.8,1.1,1.3,0.9,1,1.2,0.8,3.4,2.1,4.8,7.1,3.8,10.4,75.8,82.5,68.8,24.3,12.6,36.5,18.8,17.3,20.5,13.6,14.1,13,17.8,26.1
98506,7974,4881,3093,92.9,92.4,93.8,1.2,1,1.5,1,1.6,0,2.7,4,0.8,0,0,0,0.1,0,0.2,2.1,1.1,3.7,4.7,1.9,9.2,88.6,90.4,85.6,18.6,8.6,34.5,16.8,13.6,22,17.3,20.8,11.6,22.8,27.5
98512,11343,7745,3598,90.1,94.4,81,2.9,1.3,6.3,0.7,0.6,0.8,3.3,1.8,6.4,0,0,0,0.8,0.7,1.1,2.2,1.3,4.4,3.1,2.4,4.7,88,93,77.4,18.7,8.1,41.5,15.8,15.8,15.7,21,23.3,16,22.9,25.6
98513,12312,8995,3317,79.8,81.7,74.6,5.1,3.8,8.8,1.5,1.3,1.8,6.7,7.1,5.5,1.3,0.9,2.4,1.7,2,0.7,3.9,3.1,6.1,7.8,7,10,74.6,77.5,66.7,21.3,12,46.5,18.7,16.1,25.7,22,24.3,15.5,18.3,22.3
98516,8671,6191,2480,79.3,82.7,70.9,5.6,3.1,11.8,0.5,0.6,0,7.8,8.7,5.6,0.8,0.5,1.5,1.9,1.3,3.3,4.2,3.1,7,6.9,4.9,11.8,75,79.1,64.6,17.6,10.8,34.5,17.1,15.1,22.1,18,17.8,18.5,19.7,22.2
98520,8037,4936,3101,89.3,93.2,83.2,0.1,0,0.4,3.6,1.2,7.4,2.2,2.4,1.8,0.2,0.2,0.3,1.8,0.1,4.6,2.7,2.9,2.3,7.5,1.8,16.7,84,91.7,71.7,16.8,6.3,33.5,16,13,20.8,19.6,20.3,18.6,22.4,28.2
98524,1331,1120,211,87.7,89.6,77.3,1.2,1.4,0,8.8,6.2,22.7,0,0,0,0,0,0,0,0,0,2.3,2.8,0,2.8,3.3,0,84.9,86.3,77.3,13.2,9.1,35.1,10.4,9.3,16.6,24.3,22.7,33.2,24.8,26.6
98526,105,62,43,81,91.9,65.1,0,0,0,19,8.1,34.9,0,0,0,0,0,0,0,0,0,0,0,0,10.5,8.1,14,70.5,83.9,51.2,14.3,8.1,23.3,10.5,3.2,20.9,23.8,21,27.9,19,32.3
98527,129,120,9,93.8,93.3,100,0,0,0,0,0,0,0,0,0,0,0,0,0,0,0,6.2,6.7,0,20.9,15,100,72.9,78.3,0,0,0,0,0,0,0,21.7,23.3,0,25.6,20
98528,3312,2633,679,91.6,91,93.8,4.2,4.2,4,0.2,0,1.2,0.7,0.9,0,0,0,0,0.2,0,1,3.1,3.9,0,4.5,2.5,12.2,89.8,90.7,86.6,15,10.6,32.1,11.2,8.7,20.9,18.4,17.5,22.1,23.9,28.9
98530,231,138,93,100,100,100,0,0,0,0,0,0,0,0,0,0,0,0,0,0,0,0,0,0,0,0,0,100,100,100,19.9,10.1,34.4,10,16.7,0,20.3,14.5,29,23.8,21.7
98531,9582,5406,4176,93.6,95,91.9,0.8,0.2,1.4,0.4,0.5,0.3,1.4,1.7,1,0,0,0,1.5,1.1,2,2.3,1.5,3.4,10.1,7.5,13.5,85.3,88.9,80.6,19.3,8.6,33.2,15.7,16.2,15,18.7,16.9,21.1,17.6,20.6
98532,8738,6223,2515,95,96.7,90.8,0.4,0.6,0.1,0.1,0.2,0,0.7,0.8,0.2,0,0,0,0.8,0.1,2.3,3,1.6,6.6,4.1,0.9,12.2,91.8,96.2,80.9,13.2,7.9,26.3,19.2,16.3,26.2,19,20.3,15.7,17.6,20.5
98533,296,270,26,100,100,100,0,0,0,0,0,0,0,0,0,0,0,0,0,0,0,0,0,0,0,0,0,100,100,100,3.4,3.7,0,11.1,2.6,100,2.7,3,0,27.4,30
98535,244,49,195,23,57.1,14.4,18.9,0,23.6,30.3,0,37.9,0,0,0,0,0,0,0,0,0,27.9,42.9,24.1,0,0,0,23,57.1,14.4,5.7,0,7.2,25,0,31.3,30.3,0,37.9,18.9,0
98536,87,43,44,80.5,60.5,100,0,0,0,0,0,0,19.5,39.5,0,0,0,0,0,0,0,0,0,0,0,0,0,80.5,60.5,100,50.6,0,100,0,0,0,19.5,39.5,0,0,0
98537,819,631,188,94.9,95.2,93.6,0,0,0,1.1,1.4,0,0.4,0,1.6,0,0,0,0.4,0.5,0,3.3,2.9,4.8,2.1,2.7,0,93.2,93,93.6,9.8,3.2,31.9,14.8,12.7,21.8,18.7,18.4,19.7,32.1,36.5
98538,89,56,33,100,100,100,0,0,0,0,0,0,0,0,0,0,0,0,0,0,0,0,0,0,0,0,0,100,100,100,12.4,3.6,27.3,13.5,3.6,30.3,9,0,24.2,34.8,48.2
98541,3775,2657,1118,95.7,96.4,94.1,0.1,0,0.4,0.9,1.1,0.4,0.6,0,2.1,0,0,0,0.1,0,0.2,2.6,2.4,2.9,1.8,1.7,2.2,94.6,95.7,92,14.1,7,31,13.3,13.9,12,23.6,25.1,19.9,21.2,22.1
98542,194,125,69,100,100,100,0,0,0,0,0,0,0,0,0,0,0,0,0,0,0,0,0,0,0,0,0,100,100,100,5.2,0,14.5,15.5,24,0,23.7,22.4,26.1,22.2,26.4
98544,0,0,0,-,-,-,-,-,-,-,-,-,-,-,-,-,-,-,-,-,-,-,-,-,-,-,-,-,-,-,-,-,-,-,-,-,-,-,-,-,-
98546,1207,1019,188,93,96.2,75.5,0,0,0,1.7,2,0,0.6,0.7,0,0.6,0.7,0,3.8,0,24.5,0.4,0.5,0,3.8,0,24.5,93,96.2,75.5,15.7,11.7,37.8,10.3,7.7,24.5,15.2,17.3,4.3,21.2,24
98547,511,408,103,87.7,90.4,76.7,0,0,0,0,0,0,0,0,0,0,0,0,2.7,0,13.6,9.6,9.6,9.7,4.7,0,23.3,87.7,90.4,76.7,2.5,0.7,9.7,2.7,0,13.6,12.5,8.6,28.2,40.5,38.5
98548,1302,1100,202,89.2,87.3,100,0,0,0,0,0,0,3.8,4.5,0,0,0,0,0,0,0,7,8.3,0,2.1,2.5,0,89.2,87.3,100,0.8,0.9,0,6.1,1.3,32.2,22.1,18.8,40.1,34.3,36.2
98550,4521,2840,1681,93,94.7,90.1,0.4,0,1,2.1,1.6,3,1,0.8,1.3,0.3,0,0.8,0.5,0.3,0.8,2.7,2.6,3,5.8,6.5,4.5,88.5,89.7,86.4,17.3,9,31.2,14.1,12,17.7,17.8,18.9,15.8,21.1,26.3
98552,231,192,39,97.8,98.4,94.9,0,0,0,1.7,1,5.1,0,0,0,0,0,0,0,0,0,0.4,0.5,0,14.3,8.3,43.6,83.5,90.1,51.3,7.4,0,43.6,20.8,16.7,41,29,33.9,5.1,33.3,38
98555,189,156,33,100,100,100,0,0,0,0,0,0,0,0,0,0,0,0,0,0,0,0,0,0,0,0,0,100,100,100,0,0,0,0,0,0,12.7,15.4,0,16.4,19.9
98557,1187,844,343,93.3,94.1,91.3,0.4,0,1.5,1.4,1.4,1.5,0.9,1.3,0,0,0,0,0.2,0.2,0,3.8,3,5.8,1,0.7,1.7,92.4,93.6,89.5,18.3,10.9,36.4,17.1,15.3,21.6,13.7,15.2,10.2,22.2,29.4
98558,98,57,41,100,100,100,0,0,0,0,0,0,0,0,0,0,0,0,0,0,0,0,0,0,0,0,0,100,100,100,0,0,0,41.8,0,100,0,0,0,29.6,50.9
98559,27,0,27,100,-,100,0,-,0,0,-,0,0,-,0,0,-,0,0,-,0,0,-,0,0,-,0,100,-,100,100,-,100,0,-,0,0,-,0,0,-
98560,72,61,11,100,100,100,0,0,0,0,0,0,0,0,0,0,0,0,0,0,0,0,0,0,0,0,0,100,100,100,15.3,0,100,12.5,14.8,0,27.8,32.8,0,26.4,31.1
98562,0,0,0,-,-,-,-,-,-,-,-,-,-,-,-,-,-,-,-,-,-,-,-,-,-,-,-,-,-,-,-,-,-,-,-,-,-,-,-,-,-
98563,3171,2558,613,94.3,95.3,90,0.3,0.4,0,4,2.6,10,0.5,0.7,0,0,0,0,0,0,0,0.8,1,0,5.7,4.7,10.3,89.5,91.8,79.8,8.6,4.7,24.6,19.4,17.5,27.2,18.4,18.2,19.2,22.1,25.7
98564,944,788,156,93.6,95.3,85.3,0,0,0,0.2,0.3,0,1.3,1.5,0,0,0,0,0.6,0.8,0,4.2,2.2,14.7,9,10.8,0,85.3,85.3,85.3,8.6,6.7,17.9,11.7,9.9,20.5,21.3,20.6,25,23.5,24.5
98565,211,192,19,97.2,96.9,100,0,0,0,2.8,3.1,0,0,0,0,0,0,0,0,0,0,0,0,0,0,0,0,97.2,96.9,100,40.3,39.1,52.6,4.3,4.7,0,16.6,18.2,0,17.1,18.8
98568,985,683,302,80.3,85.7,68.2,0.9,0.3,2.3,13.7,9.2,23.8,0.7,0.6,1,0,0,0,0,0,0,4.4,4.2,4.6,3.9,1.8,8.6,77,83.9,61.3,14.9,7.2,32.5,15,14.1,17.2,15.1,13,19.9,21,24.3
98569,2844,2239,605,96.4,97.7,91.6,0,0,0,2.2,0.5,8.4,1.1,1.4,0,0,0,0,0.3,0.4,0,0,0,0,0.7,0.9,0,95.7,96.8,91.6,9.7,0.8,42.8,6.3,4.9,11.6,10.5,10.3,11.1,30.1,34.1
98570,1635,1155,480,94.9,96.5,91,0,0,0,1.3,0.8,2.7,0,0,0,0,0,0,0.6,0,2.1,3.2,2.8,4.2,4.1,0.9,11.9,91.4,95.6,81.3,18.2,8.2,42.3,14.6,12.7,19.2,16.9,19.8,9.8,26.8,28.1
98571,86,86,0,90.7,90.7,-,0,0,-,0,0,-,9.3,9.3,-,0,0,-,0,0,-,0,0,-,0,0,-,90.7,90.7,-,0,0,-,0,0,-,19.8,19.8,-,55.8,55.8
98572,290,236,54,95.9,97.9,87,0,0,0,0,0,0,0,0,0,0,0,0,0,0,0,4.1,2.1,13,7.6,9.3,0,88.3,88.6,87,17.2,16.5,20.4,15.5,16.9,9.3,16.6,13.1,31.5,24.5,28.8
98575,75,72,3,88,91.7,0,0,0,0,8,8.3,0,0,0,0,0,0,0,0,0,0,4,0,100,0,0,0,88,91.7,0,4,0,100,0,0,0,10.7,11.1,0,50.7,52.8
98576,1756,1410,346,90.8,90.9,90.5,3.1,3.9,0,1,1,0.9,1.3,1.6,0,0.9,1.1,0,0.7,0.9,0,2.2,0.6,8.7,3.5,0.9,14.5,88.6,90.9,79.2,7.8,6.8,11.8,17.4,13.4,33.8,28.9,30.6,22,20.3,23.3
98577,2637,2002,635,94.2,94.9,91.8,0.2,0,0.6,0.8,0.2,2.8,1.3,0.9,2.4,0,0,0,1.4,1.3,1.7,2.2,2.7,0.6,4.4,3.7,6.5,91.3,92.5,87.7,9.4,5.7,20.9,13.2,10.3,22.2,16.4,17.9,11.8,23.9,25.6
98579,4754,3807,947,96.2,96,96.9,0.1,0.1,0,0.7,0.3,2,0,0,0,0,0,0,1.9,2.2,0.6,1.2,1.3,0.4,5.9,5.6,7.2,92.1,92.6,89.8,17.9,15.2,28.7,17.6,13.9,32.6,19.6,19.5,19.7,20.4,24.2
98580,4042,3217,825,95,94.3,97.7,0,0.1,0,2.2,2.3,1.9,1.3,1.7,0,0,0,0,0.3,0.3,0.4,1.1,1.4,0,2.4,1.4,6.2,93.5,93.7,92.7,18.7,10.4,50.9,11.6,10.1,17.2,28.8,31.1,19.8,21.7,25.7
98581,168,148,20,100,100,100,0,0,0,0,0,0,0,0,0,0,0,0,0,0,0,0,0,0,0,0,0,100,100,100,0,0,0,0,0,0,6.5,0,55,11.9,13.5
98582,266,165,101,100,100,100,0,0,0,0,0,0,0,0,0,0,0,0,0,0,0,0,0,0,0,0,0,100,100,100,6.4,0,16.8,25.2,9.1,51.5,17.3,27.9,0,27.4,24.8
98583,43,35,8,100,100,100,0,0,0,0,0,0,0,0,0,0,0,0,0,0,0,0,0,0,0,0,0,100,100,100,0,0,0,11.6,14.3,0,14,17.1,0,18.6,5.7
98584,13426,9733,3693,88.5,91.4,80.9,1.3,1.4,1.2,3.4,2.9,4.8,1,1.2,0.6,0.1,0.2,0,2.7,0.8,7.7,2.9,2.1,4.9,6,3.4,12.8,86.7,89.6,79.2,13.2,8.2,26.3,16.8,13.9,24.3,17.3,17,17.9,22.9,26.1
98585,340,254,86,100,100,100,0,0,0,0,0,0,0,0,0,0,0,0,0,0,0,0,0,0,5,6.7,0,95,93.3,100,16.2,3.9,52.3,19.4,22,11.6,9.1,12.2,0,13.5,5.9
98586,823,515,308,84.2,77.7,95.1,0,0,0,3.5,5.6,0,5.3,7.4,1.9,0,0,0,5.2,6.6,2.9,1.7,2.7,0,11.3,10.7,12.3,78.1,73.6,85.7,15.1,6.4,29.5,18.3,17.9,19.2,11.5,13,9.1,20.9,21.9
98587,260,183,77,11.5,9.8,15.6,0,0,0,83.5,84.2,81.8,0,0,0,1.5,1.1,2.6,0,0,0,3.5,4.9,0,1.9,1.1,3.9,10.8,9.8,13,11.5,4.4,28.6,15,15.3,14.3,23.1,21.3,27.3,24.6,25.1
98588,811,716,95,93.2,96.6,67.4,0,0,0,0,0,0,0,0,0,0,0,0,2.2,0,18.9,4.6,3.4,13.7,2.2,0,18.9,93.2,96.6,67.4,13.7,12.6,22.1,10.2,11.6,0,19.2,15.4,48.4,21.1,23.9
98589,2864,2182,682,93.9,95.1,90.2,0,0,0,2.2,0.2,8.5,0.8,1,0,0,0,0,0,0,0,3.1,3.7,1.3,4,3.7,5,90.1,91.7,85.2,12.2,7.4,27.6,17.8,16.1,23.5,20.2,17.4,29.2,25.9,31.5
98590,210,136,74,65.2,73.5,50,0,0,0,32.4,22.8,50,0,0,0,0,0,0,0,0,0,2.4,3.7,0,0,0,0,65.2,73.5,50,28.1,4.4,71.6,6.7,8.8,2.7,12.9,16.9,5.4,19,27.9
98591,1497,1157,340,92.7,93.3,90.6,0,0,0,2.9,1.7,7.1,0,0,0,0,0,0,0.4,0,1.8,4,5,0.6,2.1,0.5,7.4,90.6,92.7,83.2,10.3,5.8,25.6,6.7,4.9,12.6,21.8,17.9,35,22.8,25.2
98592,629,629,0,100,100,-,0,0,-,0,0,-,0,0,-,0,0,-,0,0,-,0,0,-,0,0,-,100,100,-,1.7,1.7,-,3.2,3.2,-,16.1,16.1,-,16.4,16.4
98593,373,276,97,94.1,94.6,92.8,0,0,0,0,0,0,0,0,0,0,0,0,0,0,0,5.9,5.4,7.2,3.2,3.6,2.1,90.9,90.9,90.7,14.5,16.3,9.3,14.5,9.4,28.9,22.3,19.9,28.9,17.2,22.5
98595,1250,661,589,92.7,94.4,90.8,0,0,0,2.2,1.5,2.9,0,0,0,0,0,0,2,0,4.2,3.1,4.1,2,8,2.1,14.6,86.7,92.3,80.5,17.1,2.6,33.4,11.7,5,19.2,18.9,18.2,19.7,24.2,34.9
98596,2504,1670,834,95.3,94.4,97.1,0,0,0,0.5,0.7,0,0.4,0.7,0,0,0,0,0.7,1,0.1,3.1,3.2,2.8,3.2,3.1,3.5,93.1,92.8,93.8,18.4,8.4,38.5,18.1,17.6,18.9,14.5,13.7,16.2,22.5,23.9
98597,7928,5609,2319,89.3,90.6,86.4,1.8,1.9,1.5,1,1,0.9,2.6,2.7,2.5,1,0.7,1.6,1.1,0.8,1.7,3.2,2.3,5.4,7.4,6.8,8.9,84.3,85.7,81,17.8,10.4,35.7,25.6,24.4,28.5,19.4,23.6,9.3,18.2,20.9
98601,1023,717,306,95.8,97.9,90.8,0,0,0,0.7,1,0,0,0,0,0,0,0,0,0,0,3.5,1.1,9.2,0.6,0.8,0,95.2,97.1,90.8,19.1,10.2,39.9,15.2,19,6.2,21.5,22.5,19.3,25.9,26.2
98602,54,54,0,79.6,79.6,-,0,0,-,0,0,-,0,0,-,0,0,-,0,0,-,20.4,20.4,-,0,0,-,79.6,79.6,-,0,0,-,24.1,24.1,-,0,0,-,0,0
98603,430,363,67,100,100,100,0,0,0,0,0,0,0,0,0,0,0,0,0,0,0,0,0,0,0,0,0,100,100,100,26,22.3,46.3,14,12.9,19.4,13,9.1,34.3,19.5,23.1
98604,11601,9088,2513,95.9,95.7,96.4,0.3,0.3,0.4,0.6,0.6,0.5,1.6,1.6,1.5,0.1,0.2,0,0.6,0.7,0,1,0.9,1.2,3.6,2.7,7.1,93,93.8,90.2,15.9,11.4,32.3,19.6,19.6,19.6,24.1,24.8,21.7,18.5,20.2
98605,459,256,203,86.5,87.9,84.7,0,0,0,1.3,0.8,2,0,0,0,0,0,0,10.5,11.3,9.4,1.7,0,3.9,23.5,14.1,35.5,73.9,85.2,59.6,20.7,3.9,41.9,11.8,11.3,12.3,30.1,32.8,26.6,24.8,30.9
98606,3029,2729,300,96.3,96.1,98,0.3,0.4,0,0.6,0.4,2,1,1.1,0,0.2,0.3,0,0.3,0.3,0,1.3,1.5,0,4.7,3.1,19,91.9,93.3,79,3.6,2.7,11.3,16.6,13.8,42.3,24.9,25.6,18.3,31,32.3
98607,10236,7873,2363,89.6,89.1,91.4,1.2,1.5,0.2,0.9,0.8,1.3,5.6,6.5,2.5,0.1,0.1,0,0.6,0.3,1.6,2,1.7,3,2.4,2,3.9,87.9,87.6,89.1,9.2,7.4,15.1,25.5,21.8,37.8,24.8,27.1,17.4,20,21.2
98610,1141,813,328,93.7,92.3,97.3,0,0,0,2.5,3.1,0.9,1.7,2.3,0,0.3,0.4,0,0.4,0.6,0,1.5,1.4,1.8,2.5,2.2,3,91.2,90,94.2,14,13.3,15.9,11.7,8.4,19.8,27.2,25.2,32,20,19.2
98611,3916,3128,788,95.3,95.4,95.1,0,0,0,1.2,1.4,0.5,0,0,0,0,0,0,0.8,0.2,3,2.7,3,1.4,1.2,0.7,2.9,94.5,94.9,93.3,15.7,11.1,34.1,16.9,16.3,19.4,19.4,20.2,16.2,16.4,17.8
98612,1055,801,254,97,97.1,96.5,0,0,0,1.3,1.6,0.4,0.7,0.9,0,0,0,0,0,0,0,1,0.4,3.1,0.9,0.2,2.8,96.3,96.9,94.5,13,4.6,39.4,7.9,6.2,13,16.2,15,20.1,22.8,27.8
98613,155,114,41,100,100,100,0,0,0,0,0,0,0,0,0,0,0,0,0,0,0,0,0,0,0,0,0,100,100,100,6.5,4.4,12.2,23.2,21.1,29.3,16.8,14.9,22,25.2,27.2
98614,145,107,38,94.5,100,78.9,0,0,0,0,0,0,0,0,0,0,0,0,0,0,0,5.5,0,21.1,0,0,0,94.5,100,78.9,0,0,0,0,0,0,46.2,27.1,100,27.6,37.4
98616,72,61,11,100,100,100,0,0,0,0,0,0,0,0,0,0,0,0,0,0,0,0,0,0,0,0,0,100,100,100,15.3,0,100,0,0,0,0,0,0,11.1,13.1
98617,389,327,62,93.6,92.4,100,0,0,0,0,0,0,3.3,4,0,0,0,0,0,0,0,3.1,3.7,0,3.1,3.7,0,93.6,92.4,100,13.6,3.7,66.1,6.4,7.6,0,24.9,29.7,0,18.5,22
98619,180,110,70,88.9,92.7,82.9,0,0,0,8.3,7.3,10,0,0,0,0,0,0,0,0,0,2.8,0,7.1,4.4,1.8,8.6,86.7,90.9,80,12.8,2.7,28.6,12.8,6.4,22.9,14.4,6.4,27.1,27.2,36.4
98620,2820,1826,994,94.5,94.2,95.1,0,0,0,4.4,4.1,4.9,0,0,0,0,0,0,0,0,0,1.1,1.6,0,0,0,0,94.5,94.2,95.1,14.8,5.8,31.4,13.2,10.7,17.7,19.7,23.8,12.2,21.6,23.4
98621,198,160,38,100,100,100,0,0,0,0,0,0,0,0,0,0,0,0,0,0,0,0,0,0,14.6,4.4,57.9,85.4,95.6,42.1,0,0,0,16.2,20,0,27.8,13.1,89.5,15.7,16.9
98624,683,412,271,94.9,100,87.1,0.9,0,2.2,0.3,0,0.7,0,0,0,0,0,0,1,0,2.6,2.9,0,7.4,6.4,0,16.2,89.5,100,73.4,22.5,11.2,39.9,16.5,13.1,21.8,12.4,13.3,11.1,17.4,21.1
98625,2484,1949,535,97.5,97.5,97.6,0,0,0,1,1.2,0,0,0,0,0,0,0,0.2,0.3,0,1.3,1,2.4,1.1,1.4,0,96.4,96.1,97.6,14,6.6,40.9,16.1,15.4,18.5,21.3,21.2,21.3,20.9,22.5
98626,8918,5806,3112,91.7,96.1,83.3,1.2,0.1,3.2,1.3,0.8,2.2,1.4,1.2,1.8,0.1,0,0.2,1,0.3,2.4,3.4,1.5,6.8,7,2.8,14.8,86.5,94.4,71.7,17,7.8,34.1,16,15.2,17.4,19,18.3,20.3,20.4,22
98628,183,100,83,94,94,94,2.7,0,6,1.6,3,0,0,0,0,0,0,0,0,0,0,1.6,3,0,0,0,0,94,94,94,20.2,8,34.9,7.7,9,6,21.9,10,36.1,15.8,21
98629,2946,2536,410,95.1,97.8,78.5,1,0,7.3,1.3,0.7,5.1,0.1,0,0.5,0,0,0,1.8,1.3,4.9,0.7,0.2,3.7,4,2.5,13.4,94.2,96.7,78.5,10.7,5.6,42,15.9,13,33.4,28,30.8,10.5,26.2,28.8
98631,1668,1075,593,96.4,97.8,93.9,0.4,0,1,0.3,0.5,0,0.2,0.4,0,0,0,0,1.4,0.3,3.5,1.3,1.1,1.5,7.6,1.4,18.9,90.3,97.3,77.7,15.8,9.2,27.7,8.8,5.1,15.3,14.9,15.7,13.3,21,23.3
98632,20093,11922,8171,92.4,94.5,89.2,0.4,0.1,0.8,0.9,0.4,1.6,1.2,1.2,1.2,0.1,0,0.2,1.3,0.9,1.8,3.8,2.8,5.2,4.6,2.8,7.3,89.6,92.9,84.9,17.7,9.8,29.2,12.6,10.9,15,18.7,18.7,18.6,22.9,27.8
98635,780,613,167,98.1,98,98.2,0,0,0,0,0,0,0,0,0,0,0,0,1.9,2,1.8,0,0,0,12.8,2,52.7,87.2,98,47.3,13.7,3.1,52.7,15.4,13.7,21.6,8.3,10.6,0,22.1,26.8
98638,517,426,91,98.6,98.4,100,0,0,0,1,1.2,0,0,0,0,0,0,0,0,0,0,0.4,0.5,0,3.5,1.4,13.2,95.2,96.9,86.8,8.9,4,31.9,13.5,9.4,33,13.2,15,4.4,24.8,27
98639,512,277,235,95.7,98.6,92.3,3.5,0,7.7,0,0,0,0,0,0,0,0,0,0,0,0,0.8,1.4,0,0,0,0,95.7,98.6,92.3,12.7,7.2,19.1,13.9,14.1,13.6,16.6,18.4,14.5,22.9,20.9
98640,1953,1618,335,95.3,94.3,100,0,0,0,1.3,1.5,0,0,0,0,0,0,0,0,0,0,3.4,4.1,0,2.5,2,4.5,92.8,92.3,95.5,3.6,1,16.1,5.6,3.5,15.8,7.7,8.2,5.7,29.9,26.9
98641,0,0,0,-,-,-,-,-,-,-,-,-,-,-,-,-,-,-,-,-,-,-,-,-,-,-,-,-,-,-,-,-,-,-,-,-,-,-,-,-,-
98642,6164,4976,1188,95.5,95.9,94.1,1.2,1.3,0.8,0.5,0.4,0.8,1.2,1,2,0,0,0,0.7,0.9,0,0.9,0.6,2.2,3.3,1.8,9.9,92.8,94.7,85,7.6,5.8,15.1,15.1,12.2,27.6,29.3,28.7,31.9,21.6,24.2
98643,214,188,26,98.1,97.9,100,0,0,0,0.9,1.1,0,0,0,0,0,0,0,0,0,0,0.9,1.1,0,2.8,3.2,0,95.3,94.7,100,9.3,0,76.9,2.3,2.7,0,17.8,20.2,0,33.6,38.3
98644,132,51,81,100,100,100,0,0,0,0,0,0,0,0,0,0,0,0,0,0,0,0,0,0,0,0,0,100,100,100,8.3,0,13.6,38.6,13.7,54.3,31.8,31.4,32.1,0,0
98645,533,428,105,100,100,100,0,0,0,0,0,0,0,0,0,0,0,0,0,0,0,0,0,0,1.3,0,6.7,98.7,100,93.3,12.6,7.7,32.4,14.3,17.8,0,17.8,21,4.8,21.2,17.8
98647,157,127,30,92.4,90.6,100,0,0,0,0,0,0,0,0,0,0,0,0,0,0,0,7.6,9.4,0,0,0,0,92.4,90.6,100,0,0,0,0,0,0,4.5,5.5,0,40.1,37
98648,1206,745,461,94.8,96,92.8,0.9,0,2.4,1.3,0.1,3.3,1.7,2.1,0.9,0,0,0,0.2,0,0.7,1.1,1.7,0,1.7,1.1,2.6,93.4,94.9,90.9,14.8,3.6,33,12.1,9.4,16.5,19.7,23.5,13.7,24.9,30.2
98649,362,302,60,77.9,77.2,81.7,0,0,0,8.6,10.3,0,3,0,18.3,0,0,0,0,0,0,10.5,12.6,0,5.5,2,23.3,72.4,75.2,58.3,6.1,3.3,20,15.2,14.6,18.3,14.9,10.3,38.3,40.1,43.4
98650,334,258,76,97.9,97.3,100,0,0,0,0.6,0.8,0,0,0,0,0,0,0,0,0,0,1.5,1.9,0,1.5,0,6.6,96.4,97.3,93.4,11.1,2.3,40.8,13.5,12.4,17.1,10.5,10.1,11.8,35.3,40.3
98651,312,209,103,95.5,97.1,92.2,0,0,0,0,0,0,0,0,0,0,0,0,2.9,0.5,7.8,1.6,2.4,0,14.4,6.2,31.1,84,91.4,68.9,11.2,4.3,25.2,19.6,13.9,31.1,22.4,18.2,31.1,19.2,23
98660,5212,2228,2984,86.4,92.5,81.9,3.3,1.6,4.6,0.2,0,0.4,2.7,2.1,3.3,0.5,0.8,0.2,2.5,1.5,3.2,4.3,1.6,6.4,6.4,3.9,8.2,83,90,77.7,25.8,15.8,33.2,17.8,21.7,14.8,17.6,19.1,16.5,16.6,23.3
98661,17776,7122,10654,82.9,90.1,78.1,2.9,1.7,3.7,0.6,0.1,0.9,4.2,5.1,3.6,1.9,0.4,2.9,4.7,0.3,7.7,2.8,2.3,3.1,8.7,1.2,13.8,79.7,89.2,73.3,25.3,11.6,34.5,19,15,21.7,18.4,20.9,16.8,18,24.5
98662,11963,7497,4466,88.2,89.5,85.9,2.8,0.9,6.1,0.4,0.1,0.7,4.4,5.9,2,0.8,0.3,1.7,1.1,1.2,1,2.2,2.1,2.6,4,4,4.1,85.6,86.9,83.3,18.7,11.7,30.3,19,18.3,20,18.5,22.2,12.1,17.7,21.4
98663,5673,3332,2341,89.9,93.1,85.4,1.8,0.5,3.8,0.7,0.1,1.6,1.2,1.5,0.8,0.1,0.2,0,3.5,2.3,5.2,2.7,2.4,3.2,6,4.4,8.3,87.6,91,82.7,19.7,10,33.4,20.4,20,21.1,15.1,17,12.4,24.4,27
98664,8748,4974,3774,86.6,92.7,78.5,1.7,0.1,3.8,0.4,0.1,0.7,5.5,5.1,6.1,0,0,0,3.1,0.2,7,2.7,1.8,3.9,7.1,2.5,13,82.1,90.5,71.1,17.6,5.4,33.8,20.3,15.2,27.2,17,18.1,15.5,19.9,26.3
98665,9686,6001,3685,88,91.5,82.3,1.7,0.1,4.2,0.5,0.4,0.7,3.8,4.8,2.3,0.2,0,0.6,3.2,1.5,5.9,2.5,1.6,4,7.4,3,14.5,84.2,90.1,74.5,19.8,11.6,33.1,18.2,14.3,24.6,18.6,19.1,17.7,18.3,20.4
98670,32,27,5,100,100,100,0,0,0,0,0,0,0,0,0,0,0,0,0,0,0,0,0,0,21.9,25.9,0,78.1,74.1,100,0,0,0,31.3,25.9,60,12.5,14.8,0,37.5,44.4
98671,8143,6092,2051,94.9,94.6,95.6,0.3,0.4,0,0.3,0.3,0.3,1.3,1.5,0.7,0,0,0,2.1,2.1,2.4,1.1,1.2,1,3.4,2.9,4.6,93.6,93.6,93.7,15,9.4,31.5,19.9,18.5,24.1,19.8,21.5,14.9,22,25.7
98672,2260,1589,671,97.4,97.5,97.2,0,0,0,0,0,0,0.2,0.3,0,0,0,0,0.8,1.2,0,1.5,1,2.8,12.1,9.8,17.7,87,89,82.3,11.9,5.1,27.9,20,22.8,13.4,15.2,9.1,29.5,26.7,34.1
98673,199,122,77,95.5,94.3,97.4,0,0,0,3.5,4.1,2.6,0,0,0,0,0,0,0,0,0,1,1.6,0,0,0,0,95.5,94.3,97.4,17.6,4.9,37.7,14.1,15.6,11.7,17.6,12.3,26,23.1,26.2
98674,3855,2794,1061,94.5,96.9,88.3,0.6,0.4,1.2,0.6,0.4,1.1,0.5,0.6,0,0,0,0,2.2,1.3,4.4,1.6,0.4,4.9,5.7,2.2,14.9,90.6,95.5,77.9,15.8,9.2,33.3,13.7,13.3,14.7,24.3,25.1,22.3,19.8,21.3
98675,2054,1683,371,97.2,97.7,94.9,0,0,0,0.8,0.4,3,0,0,0,0,0,0,0.4,0.5,0,1.6,1.4,2.2,0.5,0.7,0,96.6,97,94.9,18.1,15.7,28.8,18.5,18,21,20.3,22.2,11.3,19,17
98682,18289,12465,5824,86.2,88.7,80.8,1.2,0.9,1.8,0.6,0.6,0.6,5.4,5.8,4.8,0.7,0.1,2.2,3.3,2,6,2.5,1.9,3.9,7.6,5.2,12.8,82.3,85.7,75.2,23.8,14.8,43,21,20.1,22.8,21,23.6,15.5,16.9,21.1
98683,12968,7136,5832,83.8,85.2,82.1,2,0.5,3.9,0.7,0.6,0.7,6.6,9.6,3,0.5,0.4,0.7,2.4,0.5,4.7,4,3.2,4.9,8.3,3.6,14,78.3,82.1,73.6,16.4,4.3,31.1,17.5,14.5,21.1,20.1,22.5,17.3,17.8,24.1
98684,9969,5240,4729,82.3,87.8,76.1,3.2,0.7,5.9,0.7,1.1,0.2,6.7,7.5,5.9,1.7,0.2,3.4,2.8,1.5,4.3,2.6,1.2,4.1,7.4,4.7,10.5,78.1,84.8,70.5,21.1,12.2,31,21,15.8,26.7,21.6,24.2,18.7,17.4,22.9
98685,10000,7684,2316,92.9,95.7,83.8,0.8,0.6,1.6,0.5,0,2.1,2.8,2.3,4.6,0,0,0,1.1,0,4.9,1.8,1.5,3.1,5.5,2.3,16.1,89.4,93.5,75.8,9,5.2,21.8,21.7,19.2,30,23.6,22.8,25.9,22,25.1
98686,7011,5157,1854,91.7,92.6,89.4,1.3,1.2,1.7,0.5,0.1,1.6,2.7,2.8,2.4,0,0,0,1.5,0.8,3.3,2.3,2.5,1.5,4.1,2.4,8.6,89.3,91,84.6,19.1,10,44.4,15.7,14.5,18.8,20.6,21,19.3,23,28
98801,14854,9120,5734,93.7,94.5,92.3,0.1,0.1,0.2,1,1,1,0.7,0.9,0.5,0,0,0,3,2.2,4.2,1.5,1.2,1.8,19.1,12.1,30.4,78.1,85.2,67,19.6,8.9,36.7,15.5,14,18,19.1,22.3,14.2,19.8,23
98802,10633,7976,2657,84.9,85.3,84,0.3,0.4,0,1.2,1.6,0,0.3,0.4,0,0.1,0.1,0,11,10.7,12,2.1,1.5,4,16.9,15.9,20.1,79.8,80.6,77.4,16.9,10.4,36.6,18,17.5,19.3,19.1,20.2,15.8,19.1,22
98811,34,27,7,100,100,100,0,0,0,0,0,0,0,0,0,0,0,0,0,0,0,0,0,0,0,0,0,100,100,100,41.2,51.9,0,20.6,0,100,20.6,25.9,0,0,0
98812,1522,930,592,72.5,83.2,55.6,0.3,0.4,0,3.6,2.6,5.2,1.3,0.6,2.4,0,0,0,21.3,11.4,36.8,1.1,1.7,0,46.8,27.7,76.9,49.1,68.8,18.2,22.2,12.6,37.3,18.5,14,25.7,15.8,17.7,12.7,22.6,30.1
98813,932,515,417,53.8,58.3,48.2,0,0,0,2.9,2.5,3.4,1.7,3.1,0,0,0,0,41.6,36.1,48.4,0,0,0,57,48.3,67.6,38.7,46.6,29,23.7,7,44.4,20.8,23.5,17.5,15,9.5,21.8,18.7,24.3
98814,151,115,36,97.4,100,88.9,0,0,0,2.6,0,11.1,0,0,0,0,0,0,0,0,0,0,0,0,0,0,0,97.4,100,88.9,0,0,0,23.8,0,100,4,5.2,0,39.7,52.2
98815,2525,1720,805,96.5,97.5,94.3,0.2,0,0.7,0,0,0,0.8,0.8,0.7,0,0,0,2.2,1.3,4.2,0.3,0.5,0,17.2,9.6,33.5,81.5,89.2,65,12.4,8.7,20.4,20.4,18.7,24,20.2,19.1,22.7,22.5,27.2
98816,2595,1771,824,93.5,100,79.6,0,0,0,0,0,0,0,0,0,0,0,0,5.7,0,18.1,0.7,0,2.3,18.7,6.3,45.5,81.3,93.7,54.5,9.7,3,24,19.2,14.3,29.6,15.5,16.9,12.5,19.6,18.5
98817,152,126,26,89.5,87.3,100,0,0,0,0,0,0,0,0,0,0,0,0,0,0,0,10.5,12.7,0,10.5,12.7,0,89.5,87.3,100,17.1,0,100,0,0,0,12.5,15.1,0,42.1,50.8
98819,102,71,31,96.1,94.4,100,0,0,0,0,0,0,1,1.4,0,0,0,0,0,0,0,2.9,4.2,0,0,0,0,96.1,94.4,100,9.8,0,32.3,10.8,2.8,29,8.8,8.5,9.7,24.5,28.2
98821,196,154,42,100,100,100,0,0,0,0,0,0,0,0,0,0,0,0,0,0,0,0,0,0,24.5,31.2,0,75.5,68.8,100,21.4,0,100,0,0,0,0,0,0,24.5,31.2
98822,817,628,189,98.2,98.7,96.3,0,0,0,0.2,0.3,0,0,0,0,0.2,0.3,0,0.9,0,3.7,0.5,0.6,0,9.3,6.5,18.5,89.7,92.2,81.5,5.4,4,10.1,13,4.5,41.3,21.1,20.1,24.3,25.2,27.9
98823,3982,2517,1465,85.6,88.4,80.8,0,0,0,0.6,0,1.6,0.8,0.2,1.8,0,0,0,11.6,11,12.6,1.5,0.4,3.3,16.3,14.8,18.8,80.9,84.6,74.5,17,10.6,27.8,20.4,15.6,28.6,21.3,25.6,13.8,16.8,19
98824,116,50,66,27.6,46,13.6,0,0,0,0,0,0,0,0,0,0,0,0,72.4,54,86.4,0,0,0,85.3,76,92.4,14.7,24,7.6,44,8,71.2,11.2,16,7.6,16.4,32,4.5,23.3,32
98826,2877,2108,769,96.7,96.8,96.2,0,0,0,0.9,1.2,0,0.2,0.3,0,0,0,0,0.7,0.2,2,1.6,1.5,1.8,7,7.2,6.4,90.9,89.8,93.6,11.6,3.2,34.6,15,15.5,13.7,11.7,11.7,11.8,22.5,27.4
98827,212,155,57,100,100,100,0,0,0,0,0,0,0,0,0,0,0,0,0,0,0,0,0,0,0,0,0,100,100,100,26.9,0,100,0,0,0,0,0,0,3.8,5.2
98828,854,693,161,98.9,98.7,100,0,0,0,0,0,0,1.1,1.3,0,0,0,0,0,0,0,0,0,0,18,16.9,23,80.9,81.8,77,14.3,10.2,31.7,25.6,24.4,31.1,17.1,14.6,28,21.1,26
98829,241,111,130,73,70.3,75.4,0,0,0,0,0,0,0,0,0,0,0,0,10.4,22.5,0,16.6,7.2,24.6,44,22.5,62.3,52.7,70.3,37.7,13.3,0,24.6,8.3,8.1,8.5,38.6,41.4,36.2,20.7,9
98830,234,180,54,94.9,95,94.4,0,0,0,0,0,0,0,0,0,0,0,0,3.8,5,0,1.3,0,5.6,5.1,5,5.6,94.9,95,94.4,16.2,12.2,29.6,7.3,3.3,20.4,17.9,21.1,7.4,19.7,19.4
98831,1302,789,513,95.5,98.9,90.4,1.1,0,2.7,1.2,0,2.9,0,0,0,0,0,0,2.2,1.1,3.9,0,0,0,23.1,5.2,50.7,74.7,94.8,43.7,15.9,3.5,34.9,13.4,6.1,24.6,14,11.8,17.3,26,34.1
98832,83,80,3,100,100,100,0,0,0,0,0,0,0,0,0,0,0,0,0,0,0,0,0,0,0,0,0,100,100,100,2.4,2.5,0,39.8,37.5,100,8.4,8.8,0,15.7,16.3
98833,53,53,0,100,100,-,0,0,-,0,0,-,0,0,-,0,0,-,0,0,-,0,0,-,0,0,-,100,100,-,0,0,-,0,0,-,13.2,13.2,-,86.8,86.8
98834,80,67,13,92.5,91,100,0,0,0,7.5,9,0,0,0,0,0,0,0,0,0,0,0,0,0,0,0,0,92.5,91,100,6.3,0,38.5,11.3,13.4,0,11.3,9,23.1,51.3,53.7
98836,268,168,100,93.7,100,83,0,0,0,6.3,0,17,0,0,0,0,0,0,0,0,0,0,0,0,30.2,0,81,69.8,100,19,3.4,0,9,2.6,4.2,0,31.7,12.5,64,30.6,32.7
98837,14552,8838,5714,81.9,88.9,71.1,2.3,0.8,4.8,1.1,1,1.2,1.2,1.6,0.6,0.1,0,0.2,11.4,5.8,20,2,1.9,2.2,18.6,13.2,26.9,75.2,82.7,63.7,20.5,12.1,33.5,18.7,17.6,20.4,19.6,18.3,21.5,17,21
98840,1895,1326,569,86.2,88.7,80.5,1.4,0.7,3.2,7.1,5.1,12,0.1,0,0.4,0,0,0,3.5,3.9,2.6,1.6,1.7,1.4,7.4,6.5,9.5,83,87,73.6,13.8,11.1,20,16.5,12.6,25.5,18.3,16.9,21.6,20.3,23
98841,3446,2062,1384,75.2,84.7,61.1,0.9,0.5,1.5,15,8.8,24.2,0.6,0.9,0,0.1,0.2,0,5.7,3.6,8.8,2.5,1.3,4.3,6.8,4,11.1,74.1,84.3,58.9,18.3,8.1,33.4,17.2,14.9,20.4,14.8,16.9,11.6,18,25
98843,567,269,298,57.3,82.5,34.6,0,0,0,0,0,0,0,0,0,0,0,0,39.5,15.2,61.4,3.2,2.2,4,46.4,15.2,74.5,51.9,82.5,24.2,14.3,3.3,24.2,30.7,22.3,38.3,22.8,16,28.9,17.8,32.3
98844,2094,1423,671,86.4,87.6,83.9,0,0,0,4.1,3,6.4,0,0,0,0.8,1.1,0,4.6,5.8,2.1,4.1,2.4,7.6,10.2,10.4,9.7,83.6,85,80.5,12.3,4,29.8,11,7.7,18,16.5,13.8,22.4,26.7,31.9
98845,77,56,21,87,91.1,76.2,3.9,0,14.3,0,0,0,0,0,0,0,0,0,2.6,3.6,0,6.5,5.4,9.5,10.4,3.6,28.6,83.1,91.1,61.9,23.4,3.6,76.2,2.6,3.6,0,20.8,23.2,14.3,27.3,33.9
98846,436,261,175,86.5,92.7,77.1,0.7,1.1,0,2.3,0,5.7,0.5,0.8,0,0,0,0,6.9,0,17.1,3.2,5.4,0,29.6,24.5,37.1,67.7,74.7,57.1,11.9,8,17.7,29.4,29.5,29.1,24.1,23,25.7,19.7,14.6
98847,595,480,115,91.8,89.8,100,0,0,0,0,0,0,3.7,4.6,0,0,0,0,4.5,5.6,0,0,0,0,7.2,5.6,13.9,89.1,89.8,86.1,7.4,2.7,27,12.4,6.5,37.4,30.9,35,13.9,23.2,28.8
98848,3592,2183,1409,67.7,80.2,48.5,0.2,0.3,0,1.8,2.1,1.3,0.3,0.5,0,0,0,0,28.7,15.9,48.5,1.3,1.1,1.8,48.4,35.5,68.4,49.3,62.1,29.5,24.8,11.6,45.3,17.9,14.2,23.5,16.1,19.9,10.4,19.5,26.6
98849,463,325,138,91.8,88.3,100,0,0,0,2.2,3.1,0,0,0,0,0,0,0,0,0,0,6,8.6,0,5.4,0.3,17.4,86.4,88,82.6,21.8,7.1,56.5,19.2,16.6,25.4,6.3,5.5,8,21.4,26.8
98850,514,356,158,64.8,78.1,34.8,0,0,0,1.8,2.5,0,0,0,0,0,0,0,30.9,15.7,65.2,2.5,3.7,0,34.8,19.9,68.4,62.3,75.8,31.6,15.6,2,46.2,15,11.5,22.8,13.2,15.4,8.2,24.9,31.5
98851,1816,1247,569,92.4,97,82.4,0.4,0.6,0,0.5,0,1.6,0.2,0,0.7,0,0,0,6,2.4,13.9,0.4,0,1.4,6.9,2.6,16.2,91.5,96.7,80.1,11.2,6.4,21.8,10.2,9,12.8,14.9,13.8,17.2,25.8,25
98852,11,5,6,100,100,100,0,0,0,0,0,0,0,0,0,0,0,0,0,0,0,0,0,0,0,0,0,100,100,100,45.5,40,50,0,0,0,45.5,40,50,9.1,20
98853,2,2,0,100,100,-,0,0,-,0,0,-,0,0,-,0,0,-,0,0,-,0,0,-,0,0,-,100,100,-,0,0,-,0,0,-,0,0,-,0,0
98855,2757,2103,654,89.3,91.6,82,0,0,0,4.3,4.6,3.4,0.1,0,0.6,0,0,0.2,3.1,0,13.1,3.1,3.8,0.8,6.5,3.1,17.1,86.8,89.3,78.7,15.9,10.5,33.3,9.8,9.2,11.6,16.6,17,15.6,28.7,34.3
98856,1160,847,313,95.5,93.9,100,0,0,0,0,0,0,0.4,0.6,0,0,0,0,3.4,4.7,0,0.6,0.8,0,6.4,7.7,2.9,92.6,90.9,97.1,10.6,6.6,21.4,11.6,11.2,12.8,18.4,15.3,26.5,26.6,28.3
98857,1193,813,380,59.7,64.5,49.5,1.5,0.9,2.9,0,0,0,1,1.5,0,0,0,0,37.2,32.3,47.6,0.6,0.9,0,54.7,48.5,68.2,43.9,49.6,31.8,22,15.5,35.8,12.9,12.1,14.7,21.2,21.2,21.3,20.9,25.3
98858,854,565,289,89.2,88.8,90,0,0,0,5.9,3.7,10,2.8,4.2,0,0,0,0,0.6,0.9,0,1.5,2.3,0,0.6,0.9,0,89.2,88.8,90,17.2,10.6,30.1,16,15.2,17.6,18.7,18.2,19.7,19.4,20.4
98859,115,63,52,100,100,100,0,0,0,0,0,0,0,0,0,0,0,0,0,0,0,0,0,0,0,0,0,100,100,100,0,0,0,0,0,0,0,0,0,82.6,68.3
98860,109,70,39,89,82.9,100,3.7,5.7,0,0,0,0,2.8,4.3,0,0,0,0,1.8,2.9,0,2.8,4.3,0,4.6,0,12.8,84.4,82.9,87.2,11,0,30.8,12.8,0,35.9,13.8,10,20.5,12.8,20
98862,958,778,180,95.2,96.7,88.9,0,0,0,0,0,0,0.8,1,0,0,0,0,0.3,0.4,0,3.7,1.9,11.1,0.9,1.2,0,94.6,95.9,88.9,11.8,10.9,15.6,20.3,13.2,50.6,15.2,12.9,25.6,31.6,37.9
98901,9761,5449,4312,79.5,84.7,73,1.4,1,1.9,1.7,1.3,2.2,0.4,0.1,0.7,0,0,0.1,14.8,11.5,18.8,2.3,1.4,3.3,38.8,28.5,51.8,56.6,68.7,41.3,20.6,8.1,36.5,18.1,14.4,22.8,19.3,24.4,12.9,21.1,26.2
98902,16452,8346,8106,79.1,86.3,71.8,1.1,0.2,2.1,1.4,1,1.8,0.8,0.4,1.2,0.1,0,0.3,15.2,11,19.6,2.2,1.3,3.1,34,26.7,41.6,60.9,71.1,50.5,22.6,11.2,34.4,17.7,16,19.4,19.2,20.6,17.8,17.9,23.8
98903,5104,3812,1292,86.1,89.2,76.8,0.3,0,1.1,1.8,1.7,2.2,0.9,1.1,0.3,0.1,0,0.4,8.1,6.3,13.2,2.7,1.6,6,21.3,17.4,32.9,73.7,78.7,59,19.1,13.7,35,14.1,15,11.6,21.5,22.3,19,19.9,20.3
98908,14085,9856,4229,87.8,93.1,75.5,0.2,0.2,0.3,0.8,0.3,2,1.9,0.7,4.7,0,0,0.1,7.5,4,15.6,1.7,1.7,1.7,12.3,8,22.6,83.7,89.7,69.7,15.3,6.2,36.5,15.7,14.4,18.6,18.8,19.9,16.4,18.3,22.1
98921,238,46,192,79.4,100,74.5,0,0,0,0,0,0,0,0,0,0,0,0,20.6,0,25.5,0,0,0,100,100,100,0,0,0,58.4,0,72.4,22.3,0,27.6,19.3,100,0,0,0
98922,2601,1976,625,92.3,93.6,88,0,0,0,0.8,1.1,0,2.1,2.7,0,0,0,0,2.3,1.3,5.6,2.5,1.2,6.4,2.3,1.3,5.6,92.3,93.6,88,10.9,2.2,38.2,13.2,11.5,18.6,18.3,18.7,17,31.2,37
98923,325,139,186,63.1,86.3,45.7,0,0,0,0,0,0,0,0,0,0,0,0,25.5,13.7,34.4,11.4,0,19.9,59.1,30.9,80.1,29.5,69.1,0,24.6,0,43,32.3,13.7,46.2,6.2,0,10.8,19.4,45.3
98925,240,168,72,95,92.9,100,0,0,0,0,0,0,0,0,0,0,0,0,0,0,0,5,7.1,0,4.6,6.5,0,90.4,86.3,100,9.6,13.7,0,15,6.5,34.7,27.5,26.8,29.2,37.1,37.5
98926,12172,6457,5715,91,95.4,86.1,0.8,0,1.6,0.1,0.1,0.2,2.5,1.5,3.6,0.2,0,0.4,1.6,0.9,2.4,3.8,2,5.7,5.9,4.3,7.7,86.8,91.9,81,34.3,12.7,58.7,13.6,11.6,15.7,15.3,19.6,10.3,15.4,24
98929,0,0,0,-,-,-,-,-,-,-,-,-,-,-,-,-,-,-,-,-,-,-,-,-,-,-,-,-,-,-,-,-,-,-,-,-,-,-,-,-,-
98930,4720,3247,1473,85.8,84.4,89.1,0.2,0.3,0,2.1,3,0,0.6,0.9,0,0,0,0,10.5,10.6,10.4,0.7,0.8,0.5,55.8,55.7,55.9,42.6,41.9,44.1,19.2,14.4,29.8,24.7,19.2,36.9,23.2,24.8,19.8,14,18.9
98932,1293,869,424,85.3,87,81.8,0.7,0,2.1,1.8,0.8,3.8,1.9,2.9,0,0,0,0,9.4,8.5,11.3,0.9,0.8,0.9,70.5,65.9,80,26.5,30.6,17.9,22.3,14.2,38.9,21.3,14.4,35.4,30.6,39.9,11.6,13.1,15.3
98933,366,238,128,67.8,63.4,75.8,0,0,0,19.9,24.8,10.9,4.4,6.7,0,0,0,0,7.7,4.6,13.3,0.3,0.4,0,34.2,28.2,45.3,41.3,39.9,43.8,16.9,7.1,35.2,18.6,10.5,33.6,24.6,32.8,9.4,16.4,20.6
98934,433,217,216,88.9,93.1,84.7,0,0,0,0.9,1.8,0,2.5,0,5.1,0,0,0,3.2,5.1,1.4,4.4,0,8.8,11.3,15.2,7.4,80.8,82.9,78.7,28.9,12.9,44.9,15.7,19.4,12,20.1,24.9,15.3,20.1,22.6
98935,909,663,246,82,80.8,85,0,0,0,1.9,2.6,0,0.9,1.2,0,0,0,0,13.6,14.2,12.2,1.7,1.2,2.8,67.8,63,80.5,28.3,32.6,16.7,17.1,8.4,40.2,15.4,11.6,25.6,14.5,15.4,12.2,26.8,32.9
98936,1897,1459,438,82.9,86.2,71.7,0.4,0.5,0,3.2,1.9,7.5,0.5,0.4,0.9,0,0,0,10.2,8.4,16.4,2.8,2.6,3.4,32.2,28.7,43.6,62.2,66.5,47.9,21.3,15.9,39.3,23.7,24.7,20.3,22,21.2,24.7,14,15.2
98937,1523,1112,411,91.3,98.3,72.5,0.5,0,1.7,0.7,1,0,0,0,0,0,0,0,2.4,0,8.8,5.1,0.7,17,5.3,3,11.7,88.4,95.3,69.6,9.7,6,19.5,15,7.1,36.3,20.9,17.4,30.4,23.1,29.2
98938,641,409,232,94.1,94.6,93.1,0,0,0,0,0,0,0,0,0,0,0,0,5.9,5.4,6.9,0,0,0,61.2,44.7,90.1,38.8,55.3,9.9,16.2,13.2,21.6,27.9,10.8,58.2,23.7,31.5,9.9,19,28.6
98939,42,28,14,61.9,60.7,64.3,0,0,0,26.2,39.3,0,0,0,0,0,0,0,0,0,0,11.9,0,35.7,0,0,0,61.9,60.7,64.3,11.9,0,35.7,0,0,0,21.4,0,64.3,45.2,67.9
98940,242,227,15,100,100,100,0,0,0,0,0,0,0,0,0,0,0,0,0,0,0,0,0,0,0,0,0,100,100,100,0,0,0,27.7,29.5,0,10.7,11.5,0,11.2,11.9
98941,364,229,135,98.9,100,97,0,0,0,1.1,0,3,0,0,0,0,0,0,0,0,0,0,0,0,0,0,0,98.9,100,97,15.4,10.9,23,29.1,30.1,27.4,14.6,12.7,17.8,18.1,19.7
98942,6264,4378,1886,92,93.6,88.2,0.6,0.6,0.5,0.9,1,0.6,0.7,0.9,0,0,0.1,0,3.8,1.9,8,2.1,1.8,2.8,12.7,6.6,26.7,83.3,88.9,70.4,16,9.8,30.2,22.2,16.7,35.1,22.1,23.9,18,20.4,25.4
98943,414,225,189,75.8,90.2,58.7,0,0,0,16.4,0,36,0,0,0,0,0,0,4.3,3.6,5.3,3.4,6.2,0,5.8,6.2,5.3,74.4,87.6,58.7,14.3,13.8,14.8,32.6,9.8,59.8,20.3,24.4,15.3,13.8,20.4
98944,5961,3424,2537,85.6,86,84.9,0,0,0,0.2,0.4,0,1,1.8,0,0,0,0,11.7,10.3,13.6,1.5,1.6,1.5,69.5,59.8,82.5,28.9,38.5,16,24.3,13,39.5,19.2,24.2,12.4,20.4,21.6,18.8,17.7,20.6
98946,239,144,95,98.3,97.2,100,0,0,0,1.7,2.8,0,0,0,0,0,0,0,0,0,0,0,0,0,4.6,0,11.6,93.7,97.2,88.4,18.4,0,46.3,7.1,9.7,3.2,10.5,14.6,4.2,20.9,22.2
98947,958,670,288,83.2,83,83.7,0,0,0,4.8,6.9,0,0,0,0,0,0,0,10.9,8.5,16.3,1.1,1.6,0,33.2,16,73.3,62,77.2,26.7,22.8,12.7,46.2,22.9,26.3,14.9,14.2,11.6,20.1,22.5,29.6
98948,3402,2032,1370,68.8,67.1,71.2,0.9,0.3,1.8,14.9,16.5,12.6,1.3,1.1,1.5,0,0,0,11.6,13.4,9.1,2.5,1.5,3.9,64.3,63.4,65.5,16.9,18.3,14.7,22.9,14.3,35.6,20.8,19.5,22.7,21.4,22.7,19.4,17.7,22.6
98950,123,26,97,38.2,100,21.6,0,0,0,0,0,0,0,0,0,0,0,0,61.8,0,78.4,0,0,0,78.9,0,100,21.1,100,0,23.6,0,29.9,29.3,0,37.1,24.4,34.6,21.6,16.3,34.6
98951,3677,2195,1482,64.2,66.9,60.3,0.7,0,1.8,20.7,18.8,23.4,2.2,2.4,2,0.8,0,2,8.7,9.1,8.1,2.6,2.8,2.4,49.4,45.8,54.6,26.4,33.2,16.3,20,10.1,34.8,20.2,18.4,22.9,19.9,22.1,16.5,19.1,22.9
98952,528,318,210,36.4,38.4,33.3,0.6,0.9,0,57.2,58.8,54.8,0.6,0.9,0,0,0,0,0,0,0,5.3,0.9,11.9,13.6,9.1,20.5,22.7,29.2,12.9,18.8,11.9,29,12.7,6.9,21.4,21.6,22.6,20,23.1,26.4
98953,2099,1500,599,90.8,94.7,80.8,0,0,0,0.2,0,0.8,0.3,0,1,0,0,0,7,4.5,13,1.8,0.7,4.3,33,28.1,45.2,66.4,71.4,53.8,15.5,10.6,27.9,21,17.3,30.1,23.3,23.7,22.4,23.2,27.3
99001,1402,726,676,78.4,78.4,78.4,1.4,0.8,1.9,3.4,4.5,2.1,7.1,10.2,3.7,0,0,0,3.4,0.8,6.1,6.5,5.2,7.8,7.6,5.5,9.9,75.1,75.6,74.6,30.1,23.6,37.1,19.1,11.6,27.2,16.3,23.1,8.9,15,21.1
99003,1908,1722,186,98.2,98,100,0,0,0,1.2,1.3,0,0,0,0,0,0,0,0.6,0.7,0,0,0,0,0.6,0.7,0,98.2,98,100,6.2,3.8,29,12.2,12.1,12.9,21.3,23.1,4.8,32.9,33.3
99004,6907,3815,3092,88.1,94,80.7,3.8,2.5,5.5,1.7,1.4,2,1.1,0.6,1.7,1,0,2.3,1.5,0,3.4,2.8,1.5,4.4,5.9,1.6,11.3,83.8,92.6,72.8,38.6,13.4,69.8,12.7,14.8,10.1,18.1,24.4,10.3,14.8,23.4
99005,2908,2543,365,97,98,89.9,0,0,0,0,0,0,0.8,0.9,0,0,0,0,0,0,0,2.2,1,10.1,0.6,0.7,0,96.4,97.4,89.9,13.8,10.6,36.4,19.6,18.2,29.3,21.3,23,9.3,26.5,27.4
99006,4168,3557,611,96.3,97.2,90.7,0,0,0,0.7,0.3,2.6,0.2,0,1.1,0.3,0.3,0,0.8,0,5.6,1.8,2.1,0,3.2,2.2,9,93.9,95.1,87.2,11.7,8.5,30.3,15.1,14.4,19,20.5,19.5,26.2,24.3,26.8
99008,253,182,71,100,100,100,0,0,0,0,0,0,0,0,0,0,0,0,0,0,0,0,0,0,5.1,7.1,0,94.9,92.9,100,11.5,0,40.8,27.3,37.9,0,18.6,25.8,0,24.5,17
99009,1389,1039,350,100,100,100,0,0,0,0,0,0,0,0,0,0,0,0,0,0,0,0,0,0,0,0,0,100,100,100,13.8,8.7,29.1,16.5,10.5,34.3,16.6,19.1,9.4,31.8,38.1
99011,731,9,722,87.7,100,87.5,5.6,0,5.7,0.7,0,0.7,1.2,0,1.2,0,0,0,4.8,0,4.8,0,0,0,11.4,0,11.5,81.1,100,80.9,73.1,100,72.7,22.7,0,23,4.2,0,4.3,0,0
99012,351,245,106,95.7,95.5,96.2,0,0,0,2.3,1.6,3.8,0,0,0,0,0,0,0,0,0,2,2.9,0,1.1,1.6,0,95.7,95.5,96.2,25.1,16.3,45.3,6.8,8.6,2.8,19.4,25.7,4.7,15.1,16.3
99013,575,384,191,47,55.5,29.8,0,0,0,48.3,41.7,61.8,1,0,3.1,0,0,0,0,0,0,3.7,2.9,5.2,2.6,1.6,4.7,47,55.5,29.8,19,8.6,39.8,9.6,9.4,9.9,19.8,26.6,6.3,24.7,27.6
99016,4861,3840,1021,93.5,91.9,99.4,0.1,0,0.6,0,0,0,2.7,3.4,0,0,0,0,1.8,2.3,0,1.9,2.3,0,4.5,5.7,0,91.2,89,99.4,19.2,16.3,30.2,14.2,14.1,14.6,22.4,25.5,10.8,18.7,20.5
99017,76,41,35,98.7,97.6,100,0,0,0,1.3,2.4,0,0,0,0,0,0,0,0,0,0,0,0,0,2.6,0,5.7,96.1,97.6,94.3,18.4,7.3,31.4,6.6,0,14.3,23.7,26.8,20,10.5,12.2
99018,102,64,38,97.1,95.3,100,0,0,0,0,0,0,0,0,0,0,0,0,0,0,0,2.9,4.7,0,7.8,12.5,0,89.2,82.8,100,39.2,28.1,57.9,8.8,10.9,5.3,15.7,18.8,10.5,16.7,10.9
99019,3901,2590,1311,95,95.1,95,0,0,0,0.3,0,1,2.2,3.3,0,0,0,0,1.8,0.6,4,0.7,1,0,2.1,1.2,4,94.7,94.5,95,14.5,11,21.3,21.4,16.8,30.4,18.5,20.8,13.8,24.5,29.4
99020,15,15,0,100,100,-,0,0,-,0,0,-,0,0,-,0,0,-,0,0,-,0,0,-,0,0,-,100,100,-,0,0,-,0,0,-,100,100,-,0,0
99021,3445,2975,470,98.5,98.3,100,0,0,0,0,0,0,0.3,0.3,0,0,0,0,0,0,0,1.2,1.4,0,1,1.2,0,97.4,97,100,9,4.8,35.3,12.2,11.7,15.1,25.2,24.5,29.6,29.1,31.1
99022,3317,2474,843,93.5,94.8,89.6,2.9,1.4,7.4,0.4,0.2,0.9,0.5,0.6,0,0,0,0,0.8,1.1,0,2,1.9,2.1,3.6,2.8,6,90.7,93.1,83.5,13.8,7.2,33.3,17.2,16.3,19.6,30.8,31.8,27.9,15,17.1
99023,221,185,36,89.6,87.6,100,0,0,0,0,0,0,10.4,12.4,0,0,0,0,0,0,0,0,0,0,0,0,0,89.6,87.6,100,2.7,3.2,0,6.8,8.1,0,50.2,51.9,41.7,29.4,23.8
99025,1848,1577,271,98.9,98.7,100,0,0,0,0,0,0,1.1,1.3,0,0,0,0,0,0,0,0,0,0,1.4,1.6,0,97.5,97.1,100,7.1,2.7,32.5,21.6,23.8,9.2,35.2,34.7,38,20.3,23.8
99026,3729,3251,478,92,93.8,79.9,1,1.1,0,0.8,0.9,0,1.2,1.4,0,0,0,0,2.2,0,17.4,2.8,2.8,2.7,2.2,0,17.4,92,93.8,79.9,8.4,4.6,34.7,17.6,15.3,32.6,29.6,29.8,27.6,18.9,21.7
99027,2466,2108,358,97.4,96.9,100,0,0,0,1,1.2,0,0,0,0,0,0,0,0,0,0,1.6,1.9,0,0.4,0.5,0,97,96.4,100,11.6,8.9,27.7,12.8,9.2,34.4,18.1,21.2,0,25.7,26.1
99029,501,384,117,95.4,94,100,0,0,0,1.2,1.6,0,0,0,0,0,0,0,0,0,0,3.4,4.4,0,1.4,0,6,94,94,94,5.6,0.8,21.4,21.4,12,52.1,21.2,21.9,18.8,26.7,34.1
99030,379,262,117,99.5,99.2,100,0,0,0,0.5,0.8,0,0,0,0,0,0,0,0,0,0,0,0,0,2.6,0,8.5,96.8,99.2,91.5,7.1,5,12,15.8,9.9,29.1,26.4,32.1,13.7,30.9,26.3
99031,435,304,131,91.5,90.8,93.1,0,0,0,1.1,1.6,0,1.1,0.3,3.1,0,0,0,5.1,7.2,0,1.1,0,3.8,9.9,8.6,13,86.7,89.5,80.2,15.4,3.3,43.5,14.5,6.6,32.8,24.6,31.3,9.2,26.9,32.6
99032,344,290,54,89,89.3,87,0,0,0,1.2,1.4,0,0,0,0,0,0,0,4.7,5.5,0,5.2,3.8,13,7.6,7.2,9.3,86,87.6,77.8,10.8,5.5,38.9,6.7,6.9,5.6,17.2,18.6,9.3,24.7,23.4
99033,397,236,161,95,96.2,93.2,0,0,0,0.8,0,1.9,0,0,0,0,0,0,4.3,3.8,5,0,0,0,4.3,3.8,5,95,96.2,93.2,16.6,5.9,32.3,10.3,11.4,8.7,21.4,15.3,30.4,25.2,33.5
99034,38,38,0,100,100,-,0,0,-,0,0,-,0,0,-,0,0,-,0,0,-,0,0,-,0,0,-,100,100,-,0,0,-,0,0,-,0,0,-,0,0
99036,537,458,79,100,100,100,0,0,0,0,0,0,0,0,0,0,0,0,0,0,0,0,0,0,0,0,0,100,100,100,6.3,0,43,22.3,23.8,13.9,28.9,28.6,30.4,28.3,33.2
99037,4921,3565,1356,93.4,94.2,91.3,1.2,1,2,1,1.1,0.7,1.4,1.5,1,0,0,0,0.3,0.4,0,2.7,1.8,5.1,3.3,2.9,4.5,90.4,91.8,86.8,17.6,6.6,46.5,14.7,12,21.7,25.1,29,14.8,19.6,22.8
99039,40,37,3,97.5,100,66.7,0,0,0,0,0,0,0,0,0,0,0,0,0,0,0,2.5,0,33.3,0,0,0,97.5,100,66.7,12.5,13.5,0,20,21.6,0,10,5.4,66.7,42.5,45.9
99040,279,203,76,11.1,11.3,10.5,0,0,0,74.2,78.3,63.2,6.5,0,23.7,0,0,0,0,0,0,8.2,10.3,2.6,1.8,2.5,0,11.1,11.3,10.5,15.4,5.4,42.1,21.1,25.6,9.2,13.6,15.3,9.2,19.4,20.2
99101,563,402,161,87.9,86.6,91.3,0,0,0,5.7,8,0,1.2,0,4.3,0,0,0,0.4,0.5,0,4.8,5,4.3,2.3,3.2,0,86,83.8,91.3,17.2,14.2,24.8,16.7,14.7,21.7,16.9,21.6,5,30.6,24.4
99102,247,165,82,99.2,98.8,100,0,0,0,0,0,0,0,0,0,0,0,0,0.8,1.2,0,0,0,0,0,0,0,99.2,98.8,100,34.4,22.4,58.5,14.2,13.3,15.9,15.8,17.6,12.2,16.2,17.6
99103,215,160,55,99.5,99.4,100,0,0,0,0.5,0.6,0,0,0,0,0,0,0,0,0,0,0,0,0,0,0,0,99.5,99.4,100,8.8,4.4,21.8,16.3,15.6,18.2,16.7,12.5,29.1,25.1,24.4
99105,20,15,5,100,100,100,0,0,0,0,0,0,0,0,0,0,0,0,0,0,0,0,0,0,0,0,0,100,100,100,0,0,0,10,13.3,0,30,40,0,25,33.3
99109,2290,1531,759,93.2,97.1,85.5,1.4,0,4.2,0.9,0,2.8,2.1,0,6.5,0,0,0,0,0,0,2.3,2.9,1.1,0,0,0,93.2,97.1,85.5,11.4,5.7,22.9,11.7,10.3,14.8,18.8,15.8,24.8,24.3,29.6
99110,502,305,197,98.4,97.4,100,0,0,0,0,0,0,0,0,0,0,0,0,0,0,0,1.6,2.6,0,6.8,11.1,0,91.6,86.2,100,8.6,6.6,11.7,10.6,5.9,17.8,42.2,34.1,54.8,14.5,18.4
99111,1768,1099,669,97.7,98.5,96.4,0,0,0,0,0,0,0.8,1.3,0,0,0,0,0.5,0,1.3,1,0.2,2.2,0.8,0,2.1,97.5,98.5,95.7,15.5,5.6,31.8,15,16.7,12.3,21.3,21.5,21.1,21.8,23.9
99113,313,275,38,98.4,98.2,100,0,0,0,0,0,0,0.6,0.7,0,0,0,0,0,0,0,1,1.1,0,0.3,0.4,0,98.1,97.8,100,12.1,9.1,34.2,13.4,11.6,26.3,22.4,24.7,5.3,26.2,27.3
99114,4996,3537,1459,94.9,94.6,95.4,0.6,0.4,1.3,1.2,1.4,0.8,0.2,0.3,0,0,0,0,0.5,0.5,0.4,2.6,2.8,2.1,3,3.4,2.1,92.4,91.9,93.8,13.5,6,31.8,11.4,10.8,12.9,17.7,18.8,14.9,26.2,28.6
99115,488,356,132,97.5,99.4,92.4,0,0,0,0,0,0,0,0,0,0,0,0,0,0,0,2.5,0.6,7.6,3.7,2.2,7.6,93.9,97.2,84.8,17,7,43.9,11.3,10.7,12.9,18,15.7,24.2,17.6,19.1
99116,684,505,179,64,64.2,63.7,0.1,0,0.6,29.8,33.7,19,0.7,0.4,1.7,0.1,0.2,0,0.6,0,2.2,4.5,1.6,12.8,2,1.2,4.5,63.6,63.6,63.7,15.9,8.7,36.3,12,9.5,19,15.9,18.6,8.4,26.5,27.5
99117,197,158,39,99.5,99.4,100,0,0,0,0,0,0,0,0,0,0,0,0,0,0,0,0.5,0.6,0,0,0,0,99.5,99.4,100,11.7,5.1,38.5,8.6,10.1,2.6,15.7,15.8,15.4,25.9,25.9
99118,339,233,106,96.5,97,95.3,0,0,0,1.5,0,4.7,0,0,0,0,0,0,0,0,0,2.1,3,0,2.4,3.4,0,94.1,93.6,95.3,13.3,2.1,37.7,4.4,0,14.2,25.4,24.9,26.4,35.4,44.2
99119,456,402,54,80.7,81.3,75.9,0,0,0,18,18.2,16.7,0.4,0.5,0,0,0,0,0,0,0,0.9,0,7.4,0,0,0,80.7,81.3,75.9,3.5,3,7.4,11.4,11.2,13,30.9,26.1,66.7,23.2,25.1
99121,52,50,2,96.2,100,0,0,0,0,1.9,0,50,0,0,0,0,0,0,0,0,0,1.9,0,50,0,0,0,96.2,100,0,1.9,0,50,23.1,24,0,34.6,34,50,34.6,36
99122,1455,1205,250,93.3,92.8,95.6,0.2,0.2,0,1.4,1.7,0,1.9,2.3,0,0,0,0,1.6,1.9,0,1.6,1.1,4.4,3,2.7,4.4,92.6,92,95.6,15.1,11.1,34,11.6,13.1,4.4,13.1,12.2,17.2,23.8,26.1
99123,512,379,133,86.9,85.5,91,0,0,0,4.9,3.4,9,0.6,0.8,0,1.8,2.4,0,2.1,2.9,0,3.7,5,0,5.9,6.3,4.5,85,84.4,86.5,15.8,6.1,43.6,7.6,5.5,13.5,10.5,11.3,8.3,27.3,35.4
99124,127,96,31,49.6,49,51.6,0.8,1,0,35.4,36.5,32.3,0.8,1,0,3.1,0,12.9,0,0,0,10.2,12.5,3.2,0,0,0,49.6,49,51.6,15,7.3,38.7,6.3,6.3,6.5,26.8,24,35.5,22,25
99125,220,162,58,97.7,96.9,100,0,0,0,1.4,1.9,0,0,0,0,0,0,0,0,0,0,0.9,1.2,0,0,0,0,97.7,96.9,100,19.5,9.9,46.6,7.7,8.6,5.2,20,24.1,8.6,21.4,22.8
99126,442,337,105,95.5,94.1,100,0,0,0,0,0,0,0,0,0,0,0,0,0,0,0,4.5,5.9,0,0,0,0,95.5,94.1,100,2,0,8.6,5.9,7.7,0,19.2,20.8,14.3,52,44.2
99128,113,82,31,100,100,100,0,0,0,0,0,0,0,0,0,0,0,0,0,0,0,0,0,0,0,0,0,100,100,100,10.6,7.3,19.4,6.2,8.5,0,28.3,25.6,35.5,23,19.5
99129,330,253,77,53.9,55.7,48.1,0,0,0,38.5,38.3,39,0,0,0,0,0,0,0,0,0,7.6,5.9,13,0,0,0,53.9,55.7,48.1,18.2,6.7,55.8,6.1,5.1,9.1,15.8,19.8,2.6,30.9,33.6
99130,351,248,103,99.4,99.6,99,0,0,0,0,0,0,0,0,0,0,0,0,0,0,0,0.6,0.4,1,2.8,4,0,96.6,95.6,99,10,6.9,17.5,7.7,6,11.7,19.9,20.6,18.4,26.8,30.2
99131,74,70,4,90.5,90,100,0,0,0,8.1,8.6,0,0,0,0,0,0,0,0,0,0,1.4,1.4,0,0,0,0,90.5,90,100,2.7,2.9,0,0,0,0,9.5,8.6,25,41.9,42.9
99133,805,472,333,84.6,92.4,73.6,0,0,0,13.3,6.8,22.5,0.2,0,0.6,0,0,0,1.4,0,3.3,0.5,0.8,0,1.6,0,3.9,84.3,92.4,73,12.2,3.6,24.3,8.3,7.4,9.6,32.3,31.4,33.6,18.1,21.8
99134,237,166,71,100,100,100,0,0,0,0,0,0,0,0,0,0,0,0,0,0,0,0,0,0,0,0,0,100,100,100,10.1,7.2,16.9,26.6,28.3,22.5,20.3,15.7,31,17.3,16.3
99135,108,64,44,99.1,98.4,100,0,0,0,0,0,0,0,0,0,0,0,0,0,0,0,0.9,1.6,0,0,0,0,99.1,98.4,100,13,15.6,9.1,29.6,0,72.7,15.7,20.3,9.1,16.7,26.6
99136,19,19,0,100,100,-,0,0,-,0,0,-,0,0,-,0,0,-,0,0,-,0,0,-,0,0,-,100,100,-,0,0,-,0,0,-,0,0,-,0,0
99137,147,115,32,95.9,94.8,100,0,0,0,1.4,1.7,0,0,0,0,0,0,0,0,0,0,2.7,3.5,0,0,0,0,95.9,94.8,100,2.7,3.5,0,9.5,3.5,31.3,9.5,12.2,0,34,43.5
99138,485,311,174,29.1,31.5,24.7,0,0,0,59.4,56.9,63.8,0,0,0,1.6,1.3,2.3,0,0,0,9.9,10.3,9.2,1.2,1.9,0,27.8,29.6,24.7,10.3,1.3,26.4,14,11.6,18.4,20.8,15.1,31,25.2,30.9
99139,541,405,136,98.2,97.5,100,0,0,0,0,0,0,0,0,0,1.3,1.7,0,0,0,0,0.6,0.7,0,4.6,0,18.4,93.5,97.5,81.6,9.6,7.2,16.9,11.8,5.7,30.1,25.3,27.2,19.9,28.7,31.1
99140,147,97,50,33.3,40.2,20,0,0,0,57.1,51.5,68,1.4,0,4,2.7,0,8,0,0,0,5.4,8.2,0,1.4,0,4,32,40.2,16,10.9,0,32,13.6,9.3,22,22.4,29.9,8,23.8,28.9
99141,2130,1596,534,96.3,95.8,97.9,0,0,0,0.8,0.6,1.5,0,0,0,0,0,0,0,0,0,2.9,3.6,0.6,1,0.2,3.6,95.3,95.6,94.4,11.9,6.8,27.2,13.6,11.6,19.5,16.1,17,13.5,27.5,29.3
99143,286,228,58,99.3,100,96.6,0,0,0,0,0,0,0,0,0,0,0,0,0,0,0,0.7,0,3.4,1.7,0.4,6.9,97.6,99.6,89.7,5.6,3.1,15.5,15.4,14.5,19,15.7,11.4,32.8,29.7,31.1
99144,5,5,0,100,100,-,0,0,-,0,0,-,0,0,-,0,0,-,0,0,-,0,0,-,0,0,-,100,100,-,0,0,-,60,60,-,40,40,-,0,0
99146,22,22,0,86.4,86.4,-,0,0,-,0,0,-,0,0,-,0,0,-,0,0,-,13.6,13.6,-,0,0,-,86.4,86.4,-,0,0,-,0,0,-,54.5,54.5,-,13.6,13.6
99147,73,66,7,95.9,95.5,100,0,0,0,4.1,4.5,0,0,0,0,0,0,0,0,0,0,0,0,0,0,0,0,95.9,95.5,100,0,0,0,0,0,0,17.8,19.7,0,15.1,16.7
99148,926,806,120,95.5,94.8,100,0,0,0,1.5,1.7,0,0,0,0,0,0,0,0.5,0.6,0,2.5,2.9,0,1.7,2,0,94.3,93.4,100,8,4.8,29.2,9.2,6.3,28.3,11.4,12.3,5.8,31,33.1
99149,77,64,13,93.5,100,61.5,0,0,0,0,0,0,3.9,0,23.1,0,0,0,0,0,0,2.6,0,15.4,0,0,0,93.5,100,61.5,5.2,0,30.8,19.5,20.3,15.4,6.5,1.6,30.8,27.3,32.8
99150,92,83,9,81.5,79.5,100,0,0,0,12,13.3,0,0,0,0,0,0,0,0,0,0,6.5,7.2,0,0,0,0,81.5,79.5,100,2.2,0,22.2,15.2,16.9,0,12,13.3,0,46.7,51.8
99151,61,61,0,91.8,91.8,-,0,0,-,3.3,3.3,-,0,0,-,0,0,-,0,0,-,4.9,4.9,-,0,0,-,91.8,91.8,-,11.5,11.5,-,3.3,3.3,-,24.6,24.6,-,18,18
99152,88,54,34,97.7,96.3,100,0,0,0,2.3,3.7,0,0,0,0,0,0,0,0,0,0,0,0,0,0,0,0,97.7,96.3,100,10.2,9.3,11.8,12.5,0,32.4,11.4,18.5,0,17,20.4
99153,202,110,92,98.5,100,96.7,0,0,0,0,0,0,0,0,0,0,0,0,0,0,0,1.5,0,3.3,0,0,0,98.5,100,96.7,12.9,0,28.3,0,0,0,16.3,4.5,30.4,19.8,18.2
99154,15,15,0,100,100,-,0,0,-,0,0,-,0,0,-,0,0,-,0,0,-,0,0,-,0,0,-,100,100,-,26.7,26.7,-,13.3,13.3,-,20,20,-,0,0
99155,348,205,143,6.9,10.7,1.4,0,0,0,87.9,85.9,90.9,1.1,2,0,0.9,0,2.1,0,0,0,3.2,1.5,5.6,2,1,3.5,6.9,10.7,1.4,13.8,5.4,25.9,19.5,23.4,14,15.8,21,8.4,30.7,26.8
99156,3400,2529,871,95.4,95.7,94.7,0.4,0.6,0,2.1,2.1,2.3,0,0,0,0,0,0,0.7,0.4,1.8,1.3,1.3,1.1,3.1,3.2,2.8,93.6,93.6,93.8,11.6,5.8,28.5,13.7,9.3,26.5,16,19.2,6.9,22.8,26.1
99157,344,223,121,98.3,99.1,96.7,1.2,0,3.3,0,0,0,0,0,0,0,0,0,0,0,0,0.6,0.9,0,0,0,0,98.3,99.1,96.7,12.2,1.3,32.2,23,18.8,30.6,9.6,9,10.7,18.3,22.9
99158,272,198,74,93.4,95.5,87.8,3.3,0,12.2,0.7,1,0,0.7,1,0,0,0,0,0,0,0,1.8,2.5,0,0.7,0,2.7,92.6,95.5,85.1,15.1,10.1,28.4,7.7,7.6,8.1,24.3,25.3,21.6,27.2,31.8
99159,600,472,128,95.7,98.7,84.4,0,0,0,1,1.3,0,0,0,0,2.7,0,12.5,0,0,0,0.7,0,3.1,2.8,3.2,1.6,93.2,95.6,84.4,9.5,1.7,38.3,9.7,7.6,17.2,19.3,20.6,14.8,28.5,29.9
99160,78,64,14,92.3,90.6,100,0,0,0,7.7,9.4,0,0,0,0,0,0,0,0,0,0,0,0,0,0,0,0,92.3,90.6,100,0,0,0,0,0,0,30.8,20.3,78.6,51.3,62.5
99161,609,470,139,99.7,100,98.6,0,0,0,0,0,0,0,0,0,0,0,0,0,0,0,0.3,0,1.4,2.1,2.8,0,97.5,97.2,98.6,12.8,10.9,19.4,17.9,13.8,31.7,17.9,17.9,18,24.1,29.6
99163,11424,3592,7832,80.8,90.3,76.4,1.3,1,1.4,0.6,0.3,0.7,12.4,6.6,15.1,0.5,0,0.8,1.2,0.5,1.5,3.2,1.4,4,3.6,2.2,4.3,78.5,89.2,73.6,59.2,15.5,79.3,11.8,19,8.5,9.3,20,4.4,9.6,23.7
99164,0,0,0,-,-,-,-,-,-,-,-,-,-,-,-,-,-,-,-,-,-,-,-,-,-,-,-,-,-,-,-,-,-,-,-,-,-,-,-,-,-
99166,1450,961,489,92.3,95.2,86.5,0,0,0,3.4,1.9,6.5,0,0,0,0.3,0,0.8,0,0,0,4,2.9,6.1,1.6,0,4.7,92.1,95.2,86.1,14,4.1,33.5,11.9,14.9,5.9,13.8,10.4,20.4,25.2,27.7
99167,256,220,36,94.1,94.5,91.7,0,0,0,0,0,0,1.2,0,8.3,0,0,0,0.4,0.5,0,4.3,5,0,0.4,0.5,0,94.1,94.5,91.7,12.1,13.6,2.8,10.2,2.3,58.3,13.7,12.3,22.2,30.5,35.5
99169,1041,667,374,96.8,97.9,94.9,0,0,0,0.5,0.7,0,0,0,0,0,0,0,1.2,0,3.2,1.5,1.3,1.9,2.9,1.9,4.5,95.7,96.9,93.6,18.3,11.2,31,8.7,8.7,8.8,18.7,15.1,25.1,27.1,35.4
99170,466,381,85,94.2,94.5,92.9,0.4,0.5,0,0.6,0,3.5,1.1,1.3,0,0,0,0,0.9,1,0,2.8,2.6,3.5,1.5,1,3.5,94.2,94.5,92.9,11.2,6.6,31.8,16.1,15.2,20,18.5,18.9,16.5,16.7,18.4
99171,519,301,218,96,100,90.4,2.5,0,6,0.6,0,1.4,0,0,0,0,0,0,0,0,0,1,0,2.3,1,0,2.3,96,100,90.4,10.4,3.3,20.2,17.1,12.6,23.4,16.6,17.3,15.6,17.9,26.6
99173,590,443,147,86.9,91.9,72.1,4.2,0,17,3.6,1.1,10.9,0,0,0,0,0,0,5.3,7,0,0,0,0,5.3,7,0,86.9,91.9,72.1,10.5,0.5,40.8,14.7,14.7,15,23.1,29.6,3.4,23.4,22.3
99174,24,17,7,100,100,100,0,0,0,0,0,0,0,0,0,0,0,0,0,0,0,0,0,0,0,0,0,100,100,100,8.3,5.9,14.3,8.3,0,28.6,8.3,11.8,0,37.5,41.2
99176,70,46,24,97.1,100,91.7,0,0,0,2.9,0,8.3,0,0,0,0,0,0,0,0,0,0,0,0,0,0,0,97.1,100,91.7,2.9,0,8.3,35.7,23.9,58.3,17.1,13,25,34.3,47.8
99179,216,174,42,95.4,94.3,100,0,0,0,0,0,0,0,0,0,0,0,0,0,0,0,4.6,5.7,0,0,0,0,95.4,94.3,100,27.8,18.4,66.7,7.4,9.2,0,17.6,20.1,7.1,19.9,24.7
99180,428,362,66,88.3,91.4,71.2,0,0,0,8.6,5,28.8,0,0,0,0,0,0,0,0,0,3,3.6,0,0,0,0,88.3,91.4,71.2,8.6,6.4,21.2,4.2,2.2,15.2,27.8,26.5,34.8,28.3,29.3
99181,788,585,203,93.7,95.9,87.2,2,2.7,0,1,0,3.9,0,0,0,0,0,0,0,0,0,3.3,1.4,8.9,0,0,0,93.7,95.9,87.2,16.9,6.5,46.8,11.5,14.9,2,20.9,20.2,23.2,20.6,25.8
99185,513,400,113,93.8,92,100,0,0,0,0,0,0,0,0,0,0,0,0,0,0,0,6.2,8,0,0.6,0,2.7,93.2,92,97.3,8.4,7.3,12.4,9.7,7.8,16.8,12.9,12.5,14.2,27.5,27.5
99201,6683,1548,5135,90,96.9,87.9,1.8,0.7,2.1,2.6,0.8,3.2,2.1,0,2.8,0,0,0,1.4,0,1.8,2.1,1.6,2.2,5.2,2.5,6,86.2,94.4,83.7,36.5,14.2,43.2,15.1,17.4,14.4,16,22.3,14.1,16.7,22.7
99202,6735,3027,3708,83.8,90,78.7,3.7,2.4,4.7,1.5,1.5,1.4,4.3,2.3,5.9,0.8,0,1.5,2.5,2.2,2.8,3.5,1.6,5,6.2,5.7,6.6,80.4,87.1,75,27.8,9,43.1,17,17.6,16.6,13.5,17.9,9.9,20.5,28
99203,9139,6389,2750,93.3,95.9,87.1,0.9,0.2,2.6,0.7,0.7,0.7,2.1,2,2.4,0,0,0,0.3,0.1,0.7,2.7,1.1,6.5,3.1,3,3.3,90.8,93.2,85.3,18.6,8.6,41.7,14.8,14.9,14.5,18.2,19.4,15.3,19.9,25.1
99204,3534,1107,2427,89.6,92.1,88.5,2.2,0,3.1,0.5,0,0.7,2,1.1,2.5,0,0,0,0.3,0,0.4,5.5,6.9,4.9,2,1,2.5,87.6,91.1,86,35.3,9.1,47.2,13.7,23.9,9.1,21.5,15.7,24.1,17.7,27.2
99205,17610,11608,6002,92.8,94.8,89,2,1.1,3.7,1.1,0.4,2.4,1,1.3,0.5,0,0,0,0.1,0.1,0.2,3,2.3,4.2,1.8,1,3.3,91.2,93.9,85.9,26.1,18.3,41,16.3,15.2,18.2,18,18.4,17.2,18.4,22.8
99206,14483,9023,5460,93.6,95.4,90.5,0.9,0.2,2.1,0.7,0.2,1.5,1.6,1.8,1.3,0.3,0.3,0.3,0.9,0.4,1.8,2,1.7,2.5,3.6,1.4,7.2,91.5,94.6,86.3,20.9,9.4,39.9,16.6,16.8,16.4,18.8,21.3,14.7,21.5,26.3
99207,11926,5942,5984,88.1,91.6,84.6,2.5,0.8,4.2,3.7,0.7,6.7,2.5,3.2,1.8,0.6,0,1.2,0.2,0.4,0,2.4,3.3,1.6,4.7,5.7,3.6,84.2,87.3,81.2,30.9,18.4,43.3,16.8,14.8,18.7,15.9,18.2,13.5,16.3,21.6
99208,20001,13295,6706,91.9,95.2,85.5,2,1.3,3.5,1,1.2,0.8,1.8,1.4,2.6,0.5,0,1.6,0.8,0.1,2.1,1.9,0.9,3.9,3.6,2.2,6.4,89.4,93.4,81.6,20.2,8.4,43.7,17,18.2,14.8,18.3,22,11,18.8,23.2
99212,7997,5520,2477,94.4,95,93.1,1.2,0.9,1.9,1.1,0.6,2.3,1.3,1.7,0.2,0.3,0.4,0,0.4,0,1.2,1.3,1.4,1.2,2.6,1.8,4.4,92.3,93.3,90.1,18.7,14,29.1,16.3,16,16.8,23.5,21.1,28.8,19.9,23.6
99216,10323,5281,5042,93.1,96,90.1,0.9,0,1.8,1.1,0.3,2,2.2,2,2.4,0,0,0,0.5,1,0,2.1,0.7,3.6,2.7,2.4,3.1,91.6,94.6,88.6,23.2,7.3,39.8,19.1,17.7,20.6,17.3,21,13.4,15.6,24.6
99217,6997,4644,2353,91.9,94.2,87.3,1.9,1.6,2.6,1.6,0.3,4.2,2.6,2.3,3.3,0.4,0.4,0.5,0.3,0.3,0.3,1.2,0.9,1.9,2.2,1.7,3.2,90.4,92.9,85.5,26.2,10.9,56.6,12.8,13.7,11.2,17,20.7,9.6,17.4,21
99218,5806,3056,2750,94.1,99.1,88.6,0.7,0,1.5,1.1,0,2.4,1.7,0.2,3.4,0.7,0,1.4,0.2,0,0.4,1.5,0.8,2.3,3,0.8,5.5,91.8,99.1,83.7,23.9,9.6,39.8,18.1,15.2,21.2,13.5,17.1,9.4,15.9,23.2
99223,12715,8270,4445,90.1,94.3,82.3,2,1.3,3.2,0.6,0.2,1.3,3.1,1.6,5.9,0.6,0,1.8,0.2,0,0.5,3.4,2.6,4.9,2.4,1.9,3.4,88.5,93.3,79.6,19.2,8.8,38.6,16.3,16.5,15.9,16.1,18.8,11.2,19.2,24.4
99224,8389,5567,2822,89.7,94.3,80.6,3.2,1.8,6.1,1.3,0.9,2.2,2.6,1.9,4.1,0.3,0.1,0.7,1.1,0.3,2.7,1.8,0.8,3.6,3.8,2.2,7.1,88.3,93,79,23.4,10.5,48.9,17.6,16.1,20.5,16.7,18.5,13.2,22,26.9
99301,22072,15068,7004,77,81.4,67.7,2.4,1.6,4,0.3,0.1,0.7,2,1.9,2.3,0.1,0.1,0.3,16.3,12.8,23.8,1.8,2.1,1.2,38.7,29.4,58.5,56,66.1,34.3,27,19.9,42.5,21.8,21.5,22.4,19.7,20.1,18.6,17.6,21.8
99320,3343,2657,686,88.5,91.8,75.8,0.5,0,2.6,1.9,2.1,1,0.3,0.3,0,0.1,0.1,0,5.7,3.8,13.3,2.9,1.8,7.3,11,9.2,18.2,83.4,86.6,70.8,10.8,6.5,27.1,16.3,15.1,20.8,24.3,21,36.9,25.2,29.9
99321,158,88,70,42.4,50,32.9,0,0,0,0,0,0,0,0,0,0,0,0,27.8,50,0,29.7,0,67.1,55.7,100,0,14.6,0,32.9,27.8,50,0,29.7,0,67.1,27.8,50,0,14.6,0
99322,69,50,19,97.1,96,100,0,0,0,0,0,0,0,0,0,2.9,4,0,0,0,0,0,0,0,0,0,0,97.1,96,100,4.3,0,15.8,13,2,42.1,23.2,24,21.1,24.6,26
99323,1237,1072,165,92.2,94.1,79.4,0.7,0.8,0,0,0,0,0,0,0,0,0,0,4.1,1.6,20.6,3,3.5,0,8.2,3.2,41.2,88,92.5,58.8,7.8,7.4,10.3,17.2,11.7,53.3,30.2,30.4,28.5,22.1,25.2
99324,3642,1993,1649,91.3,86.9,96.7,0.9,1.7,0,0,0,0,0.7,1.4,0,0.3,0,0.7,4.1,7.5,0,2.6,2.6,2.6,6.6,8.9,3.8,89.7,86.3,93.8,27.8,10.1,49.2,11.9,11.5,12.4,10.8,11,10.6,20.1,26.7
99326,1323,780,543,70.4,82.9,52.3,2.6,0,6.3,0,0,0,2.6,1.7,3.9,0,0,0,23,14.6,35,1.5,0.8,2.6,41.3,32.7,53.6,52.1,64.9,33.7,31.6,19.1,49.5,20.6,20.6,20.6,19,21.7,15.1,12.8,14.2
99328,1542,1130,412,96.8,99.1,90.3,0.3,0.4,0,0.5,0.3,1.2,0.3,0,1.2,0,0,0,0.7,0.3,1.9,1.4,0,5.3,2.3,1.4,4.6,95.4,98.2,87.6,12.6,5,33.7,13.4,14.5,10.2,14.6,14,16.3,22.6,23.7
99329,91,78,13,95.6,94.9,100,0,0,0,0,0,0,0,0,0,0,0,0,0,0,0,4.4,5.1,0,0,0,0,95.6,94.9,100,6.6,0,46.2,7.7,9,0,30.8,26.9,53.8,26.4,30.8
99330,382,220,162,90.3,90.9,89.5,0,0,0,0,0,0,0,0,0,0,0,0,9.7,9.1,10.5,0,0,0,39.5,35.5,45.1,60.5,64.5,54.9,9.7,9.1,10.5,3.4,0,8,40.8,54.5,22.2,17.3,4.5
99333,15,11,4,100,100,100,0,0,0,0,0,0,0,0,0,0,0,0,0,0,0,0,0,0,0,0,0,100,100,100,0,0,0,40,36.4,50,6.7,9.1,0,13.3,0
99335,107,65,42,90.7,96.9,81,3.7,0,9.5,0,0,0,0,0,0,0,0,0,3.7,0,9.5,1.9,3.1,0,7.5,6.2,9.5,86.9,90.8,81,25.2,13.8,42.9,2.8,4.6,0,25.2,18.5,35.7,29,33.8
99336,18289,8747,9542,78.1,86,70.9,2.4,0.8,3.8,0.9,0.9,1,1.5,1.9,1.1,0.1,0.1,0,13.3,8.6,17.6,3.8,1.7,5.6,21.8,14.4,28.5,70.3,80.2,61.1,29.9,14.3,44.2,18.2,16.3,20,15.7,17.2,14.4,15.1,23
99337,10608,8728,1880,87.7,90.7,73.5,0.8,0.9,0.4,1,0.8,1.5,1.7,1.6,2.5,0,0,0,6.7,3.9,19.3,2.2,2.1,2.8,10.1,7.4,22.6,84.4,87.4,70.6,16.1,11.3,38.6,16.5,15,23.4,20.4,22.4,11.3,22.7,25.3
99338,4451,4075,376,91.8,92.4,86.2,0,0,0,0,0,0,2.4,2.7,0,0,0,0,4.5,3.9,10.9,1.2,1.1,2.9,7.3,5.8,22.6,89.1,90.4,74.5,16.8,14.3,43.6,19.9,20,18.6,18,17,28.2,27.3,29
99341,254,178,76,98,97.8,98.7,0,0,0,0,0,0,0,0,0,0,0,0,0.4,0,1.3,1.6,2.2,0,4.3,2.8,7.9,94.9,96.1,92.1,13.8,11.2,19.7,21.3,13.5,39.5,19.7,25.8,5.3,18.5,21.3
99343,742,430,312,79.8,88.1,68.3,0,0,0,0,0,0,0,0,0,0,0,0,20.1,11.6,31.7,0.1,0.2,0,54.4,38.4,76.6,45.6,61.6,23.4,36.1,16.7,62.8,22.4,11.6,37.2,10.5,18.1,0,22,37.9
99344,4852,3090,1762,64.4,70.8,53.3,0.5,0.8,0,0.2,0,0.7,1.2,0.9,1.5,0,0,0,30.3,22.9,43.2,3.3,4.5,1.2,64.3,54,82.3,33.5,43.3,16.5,26.3,16,44.5,23.3,23.8,22.5,16.4,16.8,15.7,15.4,20.4
99345,71,42,29,71.8,95.2,37.9,0,0,0,0,0,0,0,0,0,0,0,0,28.2,4.8,62.1,0,0,0,33.8,7.1,72.4,66.2,92.9,27.6,21.1,0,51.7,11.3,19,0,33.8,31,37.9,29.6,42.9
99346,169,122,47,66.3,80.3,29.8,0,0,0,5.9,8.2,0,0,0,0,0,0,0,27.8,11.5,70.2,0,0,0,33.1,18.9,70.2,63.9,77,29.8,43.8,35.2,66,5.9,3.3,12.8,19.5,18.9,21.3,22.5,31.1
99347,990,700,290,97.2,97,97.6,0,0,0,0.2,0.3,0,0.3,0.4,0,0,0,0,0,0,0,2.3,2.3,2.4,0.6,0.3,1.4,96.6,96.7,96.2,10.4,2.1,30.3,15.1,10.9,25.2,10.9,11.4,9.7,27.9,31.3
99348,446,176,270,88.3,80.7,93.3,0,0,0,1.1,2.8,0,0,0,0,0,0,0,10.5,16.5,6.7,0,0,0,42.2,26.7,52.2,56.7,70.5,47.8,26.5,0,43.7,20.9,16.5,23.7,24.4,42,13,14.6,18.2
99349,1777,782,995,51.1,66,39.4,0,0,0,0,0,0,1.1,0.9,1.2,0,0,0,46.7,31.8,58.3,1.2,1.3,1.1,78.4,54.5,97.2,20.7,43.4,2.8,32.4,26.9,36.7,30.3,18.7,39.4,12,15.2,9.4,14.3,19.7
99350,4497,3049,1448,76.7,79.8,70.2,0,0,0,0.8,1.1,0,0.8,1.2,0,0,0,0,18.5,13.9,28.2,3.2,4,1.5,32.4,26.5,44.9,66.6,72.8,53.6,17.1,8.5,35.2,14.3,13.4,16.4,21.7,23.1,18.6,23.7,30
99352,11718,7855,3863,89.8,91.2,87,0.8,0.7,0.8,1.1,0.4,2.4,3.9,4.7,2.4,0.1,0.1,0.2,1.8,1.5,2.3,2.5,1.4,4.9,6.7,4.1,12.1,85.5,88.8,79,19.6,8.6,41.8,15.4,15.1,15.9,22.1,24.3,17.6,17.8,22
99353,5061,4367,694,91.9,94.5,75.6,0.8,0.7,1.6,2.3,0.8,11.7,0.7,0.7,0.7,0.1,0.1,0,3.3,2.2,10.4,0.9,1.1,0,6.1,5,13.3,89.2,91.8,72.8,15.6,11.2,43.7,20.5,21.3,15.6,25,24.2,30.4,21.7,24.1
99354,9044,5737,3307,89.5,93.5,82.6,0.8,0.3,1.6,0.8,0.2,1.6,4.8,3.7,6.7,0.1,0.2,0,1.4,0.8,2.6,2.6,1.3,4.9,6.1,4.5,9,85.5,90,77.6,21.6,9.6,42.4,17.5,14.4,23,19.7,23.8,12.6,17.8,22.5
99356,93,47,46,97.8,100,95.7,0,0,0,0,0,0,0,0,0,0,0,0,2.2,0,4.3,0,0,0,20.4,2.1,39.1,79.6,97.9,60.9,19.4,2.1,37,5.4,6.4,4.3,2.2,0,4.3,35.5,23.4
99357,870,337,533,66.8,78.6,59.3,0,0,0,0,0,0,0,0,0,0,0,0,32.4,21.4,39.4,0.8,0,1.3,66.6,48.1,78.2,33.4,51.9,21.8,25.4,7.1,37,26.9,16.3,33.6,20.8,28.8,15.8,14.9,27.3
99359,66,43,23,90.9,86,100,0,0,0,6.1,9.3,0,0,0,0,0,0,0,3,4.7,0,0,0,0,0,0,0,90.9,86,100,1.5,0,4.3,6.1,9.3,0,30.3,30.2,30.4,21.2,23.3
99360,405,299,106,92.8,94.3,88.7,0,0,0,0.5,0,1.9,0,0,0,0,0,0,6.2,5,9.4,0.5,0.7,0,11.6,5,30.2,87.4,94.3,67.9,11.1,5.4,27.4,18.5,15.7,26.4,21.2,19.4,26.4,22.2,26.4
99361,692,521,171,96.8,97.9,93.6,1.3,0,5.3,0,0,0,0.3,0.4,0,0,0,0,0,0,0,1.6,1.7,1.2,2.3,3.1,0,94.8,95.2,93.6,10.5,1.7,37.4,11.3,11.1,11.7,24.7,21.1,35.7,25.7,29.8
99362,15186,9811,5375,91.8,94.1,87.5,0.5,0.4,0.7,0.7,0.7,0.7,1.4,1,1.9,0.1,0,0.2,3.5,2.9,4.7,2,0.8,4.3,13.9,10.7,19.9,82.6,86.7,75,16.7,7.8,32.9,16.4,14.8,19.4,18.3,20.5,14.3,20.4,24.5
99363,28,17,11,100,100,100,0,0,0,0,0,0,0,0,0,0,0,0,0,0,0,0,0,0,60.7,100,0,39.3,0,100,0,0,0,0,0,0,60.7,100,0,0,0
99371,174,138,36,98.3,97.8,100,0,0,0,1.1,1.4,0,0.6,0.7,0,0,0,0,0,0,0,0,0,0,0,0,0,98.3,97.8,100,6.9,2.9,22.2,24.7,29,8.3,14.4,9.4,33.3,22.4,23.2
99401,117,107,10,100,100,100,0,0,0,0,0,0,0,0,0,0,0,0,0,0,0,0,0,0,0,0,0,100,100,100,0,0,0,8.5,0,100,0,0,0,39.3,43
99402,734,538,196,93.7,98.3,81.1,0,0,0,0,0,0,0.7,0,2.6,1.8,0.4,5.6,0.4,0.6,0,3.4,0.7,10.7,0.8,1.1,0,93.3,97.8,81.1,7.9,2.4,23,18,8.6,43.9,13.1,13.8,11.2,30.1,38.3
99403,8510,5621,2889,96.8,97.2,96,0.3,0.1,0.6,0.2,0,0.7,0.5,0.7,0.2,0,0,0,0.3,0.1,0.7,1.8,1.9,1.7,2.1,1.4,3.6,95.2,96.1,93.4,15.6,6.8,32.8,12.2,11.1,14.4,19.3,20,17.8,21,23.2
